timestamp,symbol,open,high,low,close,volume,trade_count,vwap
2025-03-24 08:00:00+00:00,TQQQ,64.2,64.28,63.25,64.14,41023.0,549.0,64.022941
2025-03-24 08:01:00+00:00,TQQQ,64.16,64.24,64.13,64.24,46505.0,407.0,64.189972
2025-03-24 08:02:00+00:00,TQQQ,64.24,64.27,64.24,64.25,15407.0,325.0,64.256132
2025-03-24 08:03:00+00:00,TQQQ,64.26,64.38,64.26,64.37,47417.0,371.0,64.36359
2025-03-24 08:04:00+00:00,TQQQ,64.37,64.42,64.37,64.42,27722.0,288.0,64.396398
2025-03-24 08:05:00+00:00,TQQQ,64.45,64.52,64.45,64.49,30873.0,370.0,64.493176
2025-03-24 08:06:00+00:00,TQQQ,64.49,64.53,64.49,64.5,17912.0,217.0,64.506074
2025-03-24 08:07:00+00:00,TQQQ,64.5,64.51,64.47,64.47,32581.0,230.0,64.496094
2025-03-24 08:08:00+00:00,TQQQ,64.47,64.52,64.47,64.52,17823.0,205.0,64.488301
2025-03-24 08:09:00+00:00,TQQQ,64.52,64.68,64.52,64.68,15417.0,341.0,64.594323
2025-03-24 08:10:00+00:00,TQQQ,64.67,64.68,64.6,64.61,24081.0,195.0,64.653231
2025-03-24 08:11:00+00:00,TQQQ,64.6,64.63,64.6,64.61,9486.0,130.0,64.615916
2025-03-24 08:12:00+00:00,TQQQ,64.62,64.7,64.61,64.7,17525.0,204.0,64.666818
2025-03-24 08:13:00+00:00,TQQQ,64.67,64.73,64.67,64.72,19944.0,199.0,64.693822
2025-03-24 08:14:00+00:00,TQQQ,64.71,64.73,64.7,64.72,11136.0,145.0,64.715528
2025-03-24 08:15:00+00:00,TQQQ,64.73,64.8,64.68,64.68,14844.0,299.0,64.744495
2025-03-24 08:16:00+00:00,TQQQ,64.67,64.69,64.62,64.62,5475.0,121.0,64.648323
2025-03-24 08:17:00+00:00,TQQQ,64.62,64.7,64.6,64.6,52420.0,336.0,64.636545
2025-03-24 08:18:00+00:00,TQQQ,64.57,64.62,64.57,64.6,6138.0,107.0,64.602575
2025-03-24 08:19:00+00:00,TQQQ,64.61,64.65,64.59,64.59,56280.0,220.0,64.635262
2025-03-24 08:20:00+00:00,TQQQ,64.58,64.58,64.49,64.49,7112.0,136.0,64.518183
2025-03-24 08:21:00+00:00,TQQQ,64.5,64.57,64.5,64.55,8049.0,112.0,64.533396
2025-03-24 08:22:00+00:00,TQQQ,64.56,64.63,64.56,64.61,6249.0,94.0,64.61144
2025-03-24 08:23:00+00:00,TQQQ,64.62,64.62,64.59,64.6,7251.0,118.0,64.611246
2025-03-24 08:24:00+00:00,TQQQ,64.62,64.62,64.6,64.62,4252.0,91.0,64.609557
2025-03-24 08:25:00+00:00,TQQQ,64.61,64.63,64.6,64.61,4498.0,82.0,64.613586
2025-03-24 08:26:00+00:00,TQQQ,64.6,64.61,64.58,64.59,2994.0,86.0,64.597674
2025-03-24 08:27:00+00:00,TQQQ,64.61,64.61,64.57,64.59,8296.0,124.0,64.582726
2025-03-24 08:28:00+00:00,TQQQ,64.57,64.58,64.56,64.57,1954.0,73.0,64.56625
2025-03-24 08:29:00+00:00,TQQQ,64.59,64.62,64.57,64.62,4280.0,111.0,64.584761
2025-03-24 08:30:00+00:00,TQQQ,64.62,64.65,64.59,64.6,15060.0,189.0,64.621148
2025-03-24 08:31:00+00:00,TQQQ,64.61,64.62,64.59,64.59,17970.0,138.0,64.603659
2025-03-24 08:32:00+00:00,TQQQ,64.59,64.63,64.59,64.63,6979.0,122.0,64.609715
2025-03-24 08:33:00+00:00,TQQQ,64.63,64.63,64.63,64.63,1427.0,67.0,64.63
2025-03-24 08:34:00+00:00,TQQQ,64.63,64.63,64.6,64.62,4026.0,105.0,64.610887
2025-03-24 08:35:00+00:00,TQQQ,64.63,64.63,64.61,64.61,3568.0,78.0,64.619665
2025-03-24 08:36:00+00:00,TQQQ,64.63,64.64,64.61,64.61,2162.0,54.0,64.627859
2025-03-24 08:37:00+00:00,TQQQ,64.62,64.64,64.6,64.61,3003.0,73.0,64.614614
2025-03-24 08:38:00+00:00,TQQQ,64.61,64.62,64.58,64.58,1739.0,62.0,64.602555
2025-03-24 08:39:00+00:00,TQQQ,64.61,64.62,64.6,64.6,2657.0,66.0,64.614287
2025-03-24 08:40:00+00:00,TQQQ,64.64,64.69,64.64,64.65,13491.0,114.0,64.654317
2025-03-24 08:41:00+00:00,TQQQ,64.67,64.72,64.67,64.67,3799.0,92.0,64.692078
2025-03-24 08:42:00+00:00,TQQQ,64.67,64.68,64.65,64.66,3025.0,62.0,64.67433
2025-03-24 08:43:00+00:00,TQQQ,64.66,64.67,64.64,64.64,3689.0,66.0,64.647654
2025-03-24 08:44:00+00:00,TQQQ,64.65,64.65,64.6,64.6,4581.0,96.0,64.626987
2025-03-24 08:45:00+00:00,TQQQ,64.61,64.61,64.58,64.6,3262.0,90.0,64.598994
2025-03-24 08:46:00+00:00,TQQQ,64.6,64.61,64.55,64.55,3149.0,82.0,64.596804
2025-03-24 08:47:00+00:00,TQQQ,64.54,64.57,64.54,64.55,4818.0,63.0,64.548207
2025-03-24 08:48:00+00:00,TQQQ,64.57,64.6,64.57,64.59,4813.0,58.0,64.593322
2025-03-24 08:49:00+00:00,TQQQ,64.61,64.63,64.6,64.63,3252.0,55.0,64.617414
2025-03-24 08:50:00+00:00,TQQQ,64.63,64.66,64.63,64.65,4880.0,73.0,64.638442
2025-03-24 08:51:00+00:00,TQQQ,64.66,64.69,64.66,64.69,3946.0,66.0,64.680517
2025-03-24 08:52:00+00:00,TQQQ,64.67,64.7,64.64,64.67,9914.0,134.0,64.670131
2025-03-24 08:53:00+00:00,TQQQ,64.65,64.7,64.65,64.69,4400.0,77.0,64.684061
2025-03-24 08:54:00+00:00,TQQQ,64.68,64.73,64.68,64.73,3315.0,68.0,64.716558
2025-03-24 08:55:00+00:00,TQQQ,64.73,64.79,64.72,64.74,12434.0,187.0,64.745259
2025-03-24 08:56:00+00:00,TQQQ,64.76,64.76,64.74,64.75,3701.0,79.0,64.754272
2025-03-24 08:57:00+00:00,TQQQ,64.71,64.72,64.7,64.7,4312.0,59.0,64.702534
2025-03-24 08:58:00+00:00,TQQQ,64.68,64.69,64.67,64.67,1889.0,47.0,64.678696
2025-03-24 08:59:00+00:00,TQQQ,64.66,64.67,64.64,64.64,4291.0,99.0,64.657837
2025-03-24 09:00:00+00:00,TQQQ,64.64,64.67,64.64,64.66,4921.0,125.0,64.652008
2025-03-24 09:01:00+00:00,TQQQ,64.66,64.66,64.6,64.6,9579.0,127.0,64.634465
2025-03-24 09:02:00+00:00,TQQQ,64.61,64.61,64.59,64.59,14842.0,158.0,64.604839
2025-03-24 09:03:00+00:00,TQQQ,64.59,64.59,64.54,64.54,11186.0,161.0,64.574295
2025-03-24 09:04:00+00:00,TQQQ,64.53,64.57,64.53,64.56,10275.0,121.0,64.541086
2025-03-24 09:05:00+00:00,TQQQ,64.57,64.65,64.56,64.64,5354.0,95.0,64.596155
2025-03-24 09:06:00+00:00,TQQQ,64.65,64.69,64.64,64.64,13423.0,105.0,64.67059
2025-03-24 09:07:00+00:00,TQQQ,64.65,64.65,64.63,64.63,2086.0,62.0,64.631429
2025-03-24 09:08:00+00:00,TQQQ,64.64,64.64,64.64,64.64,1704.0,37.0,64.64
2025-03-24 09:09:00+00:00,TQQQ,64.64,64.64,64.62,64.62,8003.0,87.0,64.627776
2025-03-24 09:10:00+00:00,TQQQ,64.62,64.63,64.62,64.63,4798.0,88.0,64.623338
2025-03-24 09:11:00+00:00,TQQQ,64.62,64.63,64.62,64.63,1996.0,60.0,64.62625
2025-03-24 09:12:00+00:00,TQQQ,64.63,64.65,64.62,64.65,5334.0,85.0,64.632925
2025-03-24 09:13:00+00:00,TQQQ,64.65,64.66,64.65,64.66,1654.0,52.0,64.651905
2025-03-24 09:14:00+00:00,TQQQ,64.68,64.74,64.67,64.73,10266.0,158.0,64.700806
2025-03-24 09:15:00+00:00,TQQQ,64.75,64.75,64.69,64.69,7692.0,131.0,64.716231
2025-03-24 09:16:00+00:00,TQQQ,64.68,64.68,64.64,64.65,3424.0,95.0,64.661714
2025-03-24 09:17:00+00:00,TQQQ,64.66,64.66,64.64,64.65,1255.0,42.0,64.647626
2025-03-24 09:18:00+00:00,TQQQ,64.64,64.66,64.64,64.66,6371.0,59.0,64.650792
2025-03-24 09:19:00+00:00,TQQQ,64.65,64.69,64.65,64.69,1205.0,44.0,64.662857
2025-03-24 09:20:00+00:00,TQQQ,64.68,64.68,64.68,64.68,1752.0,61.0,64.68
2025-03-24 09:21:00+00:00,TQQQ,64.69,64.7,64.66,64.66,4907.0,99.0,64.687719
2025-03-24 09:22:00+00:00,TQQQ,64.67,64.67,64.62,64.62,7838.0,100.0,64.644263
2025-03-24 09:23:00+00:00,TQQQ,64.62,64.63,64.6,64.6,34389.0,105.0,64.607654
2025-03-24 09:24:00+00:00,TQQQ,64.59,64.61,64.59,64.61,4223.0,78.0,64.604913
2025-03-24 09:25:00+00:00,TQQQ,64.62,64.62,64.61,64.61,2359.0,67.0,64.61431
2025-03-24 09:26:00+00:00,TQQQ,64.58,64.58,64.53,64.53,6931.0,151.0,64.547409
2025-03-24 09:27:00+00:00,TQQQ,64.53,64.56,64.53,64.55,22399.0,178.0,64.546667
2025-03-24 09:28:00+00:00,TQQQ,64.56,64.57,64.54,64.54,12959.0,138.0,64.55383
2025-03-24 09:29:00+00:00,TQQQ,64.55,64.55,64.53,64.53,11648.0,104.0,64.536648
2025-03-24 09:30:00+00:00,TQQQ,64.53,64.54,64.51,64.52,18150.0,137.0,64.520403
2025-03-24 09:31:00+00:00,TQQQ,64.51,64.53,64.48,64.48,19292.0,159.0,64.525739
2025-03-24 09:32:00+00:00,TQQQ,64.47,64.47,64.41,64.41,10916.0,149.0,64.435114
2025-03-24 09:33:00+00:00,TQQQ,64.41,64.45,64.4,64.43,18320.0,196.0,64.416102
2025-03-24 09:34:00+00:00,TQQQ,64.43,64.44,64.37,64.38,6159.0,133.0,64.415485
2025-03-24 09:35:00+00:00,TQQQ,64.38,64.39,64.37,64.39,12785.0,160.0,64.376409
2025-03-24 09:36:00+00:00,TQQQ,64.4,64.42,64.39,64.4,10504.0,121.0,64.402778
2025-03-24 09:37:00+00:00,TQQQ,64.42,64.44,64.41,64.42,7820.0,110.0,64.425568
2025-03-24 09:38:00+00:00,TQQQ,64.42,64.49,64.42,64.47,16223.0,163.0,64.461041
2025-03-24 09:39:00+00:00,TQQQ,64.46,64.46,64.43,64.44,20118.0,121.0,64.450405
2025-03-24 09:40:00+00:00,TQQQ,64.43,64.45,64.43,64.45,3275.0,40.0,64.441029
2025-03-24 09:41:00+00:00,TQQQ,64.42,64.43,64.42,64.43,2179.0,49.0,64.420588
2025-03-24 09:42:00+00:00,TQQQ,64.44,64.47,64.44,64.46,1355.0,27.0,64.451611
2025-03-24 09:43:00+00:00,TQQQ,64.46,64.47,64.44,64.45,8155.0,152.0,64.457006
2025-03-24 09:44:00+00:00,TQQQ,64.44,64.46,64.44,64.45,13598.0,152.0,64.449908
2025-03-24 09:45:00+00:00,TQQQ,64.44,64.48,64.44,64.48,3237.0,60.0,64.461456
2025-03-24 09:46:00+00:00,TQQQ,64.55,64.55,64.52,64.54,6424.0,112.0,64.537257
2025-03-24 09:47:00+00:00,TQQQ,64.53,64.57,64.53,64.57,6866.0,97.0,64.554078
2025-03-24 09:48:00+00:00,TQQQ,64.57,64.57,64.54,64.55,5627.0,93.0,64.551741
2025-03-24 09:49:00+00:00,TQQQ,64.53,64.58,64.53,64.58,3539.0,87.0,64.538901
2025-03-24 09:50:00+00:00,TQQQ,64.55,64.55,64.55,64.55,1798.0,42.0,64.55
2025-03-24 09:51:00+00:00,TQQQ,64.52,64.52,64.51,64.51,896.0,41.0,64.516
2025-03-24 09:52:00+00:00,TQQQ,64.51,64.51,64.47,64.51,5368.0,99.0,64.493594
2025-03-24 09:53:00+00:00,TQQQ,64.51,64.52,64.5,64.5,6573.0,71.0,64.505318
2025-03-24 09:54:00+00:00,TQQQ,64.51,64.52,64.51,64.52,850.0,24.0,64.512519
2025-03-24 09:55:00+00:00,TQQQ,64.5,64.5,64.48,64.48,3968.0,74.0,64.490833
2025-03-24 09:56:00+00:00,TQQQ,64.46,64.46,64.46,64.46,728.0,33.0,64.46
2025-03-24 09:57:00+00:00,TQQQ,64.46,64.46,64.46,64.46,946.0,33.0,64.46
2025-03-24 09:58:00+00:00,TQQQ,64.46,64.47,64.46,64.47,2899.0,38.0,64.468607
2025-03-24 09:59:00+00:00,TQQQ,64.47,64.47,64.47,64.47,1138.0,34.0,64.47
2025-03-24 10:00:00+00:00,TQQQ,64.46,64.46,64.41,64.43,8873.0,118.0,64.427252
2025-03-24 10:01:00+00:00,TQQQ,64.44,64.44,64.44,64.44,3556.0,66.0,64.44
2025-03-24 10:02:00+00:00,TQQQ,64.42,64.44,64.42,64.43,5684.0,86.0,64.432885
2025-03-24 10:03:00+00:00,TQQQ,64.45,64.47,64.45,64.47,1942.0,49.0,64.456116
2025-03-24 10:04:00+00:00,TQQQ,64.49,64.5,64.45,64.45,5436.0,91.0,64.484347
2025-03-24 10:05:00+00:00,TQQQ,64.45,64.46,64.45,64.46,1745.0,71.0,64.453425
2025-03-24 10:06:00+00:00,TQQQ,64.47,64.47,64.46,64.47,1735.0,46.0,64.467085
2025-03-24 10:07:00+00:00,TQQQ,64.47,64.48,64.47,64.47,1395.0,38.0,64.474274
2025-03-24 10:08:00+00:00,TQQQ,64.47,64.49,64.47,64.49,10443.0,77.0,64.470331
2025-03-24 10:09:00+00:00,TQQQ,64.5,64.5,64.48,64.5,6185.0,79.0,64.489028
2025-03-24 10:10:00+00:00,TQQQ,64.49,64.49,64.47,64.47,2135.0,63.0,64.473415
2025-03-24 10:11:00+00:00,TQQQ,64.47,64.47,64.46,64.46,970.0,28.0,64.468
2025-03-24 10:12:00+00:00,TQQQ,64.46,64.47,64.46,64.46,3027.0,66.0,64.462989
2025-03-24 10:13:00+00:00,TQQQ,64.47,64.47,64.46,64.46,1018.0,36.0,64.462778
2025-03-24 10:14:00+00:00,TQQQ,64.45,64.45,64.44,64.44,4343.0,62.0,64.441358
2025-03-24 10:15:00+00:00,TQQQ,64.48,64.49,64.48,64.49,595.0,23.0,64.482857
2025-03-24 10:16:00+00:00,TQQQ,64.48,64.51,64.48,64.51,2915.0,70.0,64.507783
2025-03-24 10:17:00+00:00,TQQQ,64.54,64.54,64.53,64.53,1681.0,44.0,64.533236
2025-03-24 10:18:00+00:00,TQQQ,64.53,64.53,64.53,64.53,601.0,31.0,64.53
2025-03-24 10:19:00+00:00,TQQQ,64.56,64.58,64.56,64.57,5076.0,66.0,64.56982
2025-03-24 10:20:00+00:00,TQQQ,64.56,64.62,64.56,64.62,5541.0,105.0,64.580892
2025-03-24 10:21:00+00:00,TQQQ,64.62,64.67,64.62,64.62,7610.0,114.0,64.642942
2025-03-24 10:22:00+00:00,TQQQ,64.6,64.62,64.59,64.62,13083.0,76.0,64.607202
2025-03-24 10:23:00+00:00,TQQQ,64.61,64.63,64.61,64.63,1020.0,29.0,64.626236
2025-03-24 10:24:00+00:00,TQQQ,64.63,64.63,64.63,64.63,648.0,27.0,64.63
2025-03-24 10:25:00+00:00,TQQQ,64.63,64.63,64.61,64.61,2077.0,45.0,64.618276
2025-03-24 10:26:00+00:00,TQQQ,64.61,64.61,64.6,64.61,10417.0,86.0,64.609667
2025-03-24 10:27:00+00:00,TQQQ,64.64,64.65,64.64,64.65,2017.0,49.0,64.646349
2025-03-24 10:28:00+00:00,TQQQ,64.65,64.65,64.63,64.64,2254.0,61.0,64.64
2025-03-24 10:29:00+00:00,TQQQ,64.64,64.65,64.64,64.65,1846.0,40.0,64.646226
2025-03-24 10:30:00+00:00,TQQQ,64.65,64.65,64.64,64.65,2704.0,39.0,64.649013
2025-03-24 10:31:00+00:00,TQQQ,64.67,64.67,64.67,64.67,1298.0,35.0,64.67
2025-03-24 10:32:00+00:00,TQQQ,64.68,64.71,64.67,64.71,9768.0,160.0,64.687557
2025-03-24 10:33:00+00:00,TQQQ,64.71,64.73,64.71,64.73,4088.0,55.0,64.71809
2025-03-24 10:34:00+00:00,TQQQ,64.73,64.76,64.73,64.73,7705.0,123.0,64.750437
2025-03-24 10:35:00+00:00,TQQQ,64.73,64.81,64.71,64.81,37988.0,633.0,64.767277
2025-03-24 10:36:00+00:00,TQQQ,64.81,64.81,64.78,64.79,11799.0,154.0,64.798572
2025-03-24 10:37:00+00:00,TQQQ,64.79,64.79,64.78,64.79,4663.0,104.0,64.786901
2025-03-24 10:38:00+00:00,TQQQ,64.77,64.78,64.75,64.76,4601.0,78.0,64.76837
2025-03-24 10:39:00+00:00,TQQQ,64.77,64.79,64.77,64.79,2471.0,52.0,64.773333
2025-03-24 10:40:00+00:00,TQQQ,64.79,64.79,64.76,64.76,1924.0,68.0,64.769186
2025-03-24 10:41:00+00:00,TQQQ,64.75,64.77,64.74,64.76,7758.0,96.0,64.751723
2025-03-24 10:42:00+00:00,TQQQ,64.75,64.77,64.75,64.77,2244.0,53.0,64.764433
2025-03-24 10:43:00+00:00,TQQQ,64.76,64.76,64.75,64.75,985.0,38.0,64.757222
2025-03-24 10:44:00+00:00,TQQQ,64.76,64.78,64.75,64.78,4551.0,63.0,64.756488
2025-03-24 10:46:00+00:00,TQQQ,64.75,64.75,64.74,64.74,3124.0,46.0,64.746132
2025-03-24 10:47:00+00:00,TQQQ,64.73,64.75,64.73,64.75,2172.0,41.0,64.742608
2025-03-24 10:48:00+00:00,TQQQ,64.72,64.72,64.69,64.69,10008.0,117.0,64.704247
2025-03-24 10:49:00+00:00,TQQQ,64.7,64.7,64.7,64.7,5426.0,68.0,64.7
2025-03-24 10:50:00+00:00,TQQQ,64.7,64.72,64.7,64.7,4237.0,62.0,64.704899
2025-03-24 10:51:00+00:00,TQQQ,64.71,64.72,64.69,64.69,1653.0,38.0,64.703333
2025-03-24 10:52:00+00:00,TQQQ,64.7,64.7,64.68,64.69,5138.0,96.0,64.686718
2025-03-24 10:53:00+00:00,TQQQ,64.69,64.7,64.68,64.7,3783.0,78.0,64.695495
2025-03-24 10:54:00+00:00,TQQQ,64.7,64.71,64.7,64.7,2831.0,54.0,64.704322
2025-03-24 10:55:00+00:00,TQQQ,64.7,64.7,64.67,64.69,2848.0,75.0,64.683062
2025-03-24 10:56:00+00:00,TQQQ,64.68,64.68,64.67,64.67,2465.0,45.0,64.673145
2025-03-24 10:57:00+00:00,TQQQ,64.68,64.68,64.66,64.66,1157.0,29.0,64.67
2025-03-24 10:58:00+00:00,TQQQ,64.67,64.69,64.67,64.69,1601.0,43.0,64.679064
2025-03-24 10:59:00+00:00,TQQQ,64.68,64.68,64.67,64.67,5252.0,89.0,64.674965
2025-03-24 11:00:00+00:00,TQQQ,64.67,64.72,64.61,64.71,57470.0,713.0,64.65538
2025-03-24 11:01:00+00:00,TQQQ,64.71,64.75,64.71,64.72,18298.0,146.0,64.738248
2025-03-24 11:02:00+00:00,TQQQ,64.721,64.76,64.721,64.73,19534.0,144.0,64.748906
2025-03-24 11:03:00+00:00,TQQQ,64.73,64.75,64.72,64.72,17975.0,91.0,64.736002
2025-03-24 11:04:00+00:00,TQQQ,64.73,64.74,64.69,64.7,35068.0,114.0,64.702676
2025-03-24 11:05:00+00:00,TQQQ,64.7,64.7,64.66,64.66,15487.0,121.0,64.682424
2025-03-24 11:06:00+00:00,TQQQ,64.65,64.68,64.65,64.68,6930.0,73.0,64.664635
2025-03-24 11:07:00+00:00,TQQQ,64.69,64.72,64.69,64.72,2876.0,70.0,64.705588
2025-03-24 11:08:00+00:00,TQQQ,64.72,64.729,64.69,64.72,11118.0,130.0,64.713147
2025-03-24 11:09:00+00:00,TQQQ,64.72,64.75,64.72,64.75,16365.0,153.0,64.737035
2025-03-24 11:10:00+00:00,TQQQ,64.75,64.77,64.74,64.77,4302.0,77.0,64.75175
2025-03-24 11:11:00+00:00,TQQQ,64.77,64.9,64.74,64.9,44571.0,465.0,64.813155
2025-03-24 11:12:00+00:00,TQQQ,64.91,64.93,64.9,64.93,12929.0,150.0,64.911049
2025-03-24 11:13:00+00:00,TQQQ,64.93,64.96,64.93,64.95,22086.0,170.0,64.946518
2025-03-24 11:14:00+00:00,TQQQ,64.95,64.98,64.94,64.95,23964.0,162.0,64.950713
2025-03-24 11:15:00+00:00,TQQQ,64.95,64.95,64.939,64.94,13547.0,106.0,64.943306
2025-03-24 11:16:00+00:00,TQQQ,64.93,64.93,64.9,64.93,5992.0,81.0,64.926368
2025-03-24 11:17:00+00:00,TQQQ,64.93,64.98,64.93,64.96,17439.0,154.0,64.941076
2025-03-24 11:18:00+00:00,TQQQ,64.97,64.98,64.95,64.97,11588.0,156.0,64.971505
2025-03-24 11:19:00+00:00,TQQQ,64.94,64.96,64.93,64.94,17781.0,138.0,64.951389
2025-03-24 11:20:00+00:00,TQQQ,64.949,64.99,64.949,64.98,5989.0,78.0,64.974255
2025-03-24 11:21:00+00:00,TQQQ,64.98,65.03,64.98,65.0,64197.0,760.0,64.999369
2025-03-24 11:22:00+00:00,TQQQ,65.0,65.01,64.98,65.0,7770.0,103.0,64.99308
2025-03-24 11:23:00+00:00,TQQQ,64.99,65.0,64.93,64.93,12402.0,109.0,64.955785
2025-03-24 11:24:00+00:00,TQQQ,64.92,64.93,64.901,64.91,5316.0,62.0,64.91104
2025-03-24 11:25:00+00:00,TQQQ,64.92,64.95,64.911,64.94,4321.0,58.0,64.924735
2025-03-24 11:26:00+00:00,TQQQ,64.94,64.94,64.91,64.93,5806.0,101.0,64.925844
2025-03-24 11:27:00+00:00,TQQQ,64.92,64.92,64.87,64.9,4617.0,112.0,64.896744
2025-03-24 11:28:00+00:00,TQQQ,64.91,64.98,64.9,64.98,5775.0,71.0,64.9452
2025-03-24 11:29:00+00:00,TQQQ,64.97,64.98,64.94,64.94,10099.0,100.0,64.954144
2025-03-24 11:30:00+00:00,TQQQ,64.93,64.94,64.9,64.9,2722.0,58.0,64.927225
2025-03-24 11:31:00+00:00,TQQQ,64.9,64.91,64.88,64.88,5498.0,62.0,64.903309
2025-03-24 11:32:00+00:00,TQQQ,64.89,64.89,64.85,64.87,6207.0,65.0,64.877115
2025-03-24 11:33:00+00:00,TQQQ,64.87,64.87,64.84,64.84,4391.0,69.0,64.854083
2025-03-24 11:34:00+00:00,TQQQ,64.86,64.86,64.83,64.83,14062.0,142.0,64.842224
2025-03-24 11:35:00+00:00,TQQQ,64.83,64.84,64.81,64.82,4090.0,95.0,64.824214
2025-03-24 11:36:00+00:00,TQQQ,64.83,64.841,64.81,64.841,8725.0,131.0,64.828019
2025-03-24 11:37:00+00:00,TQQQ,64.88,64.9,64.88,64.9,7960.0,91.0,64.886689
2025-03-24 11:38:00+00:00,TQQQ,64.9,64.95,64.9,64.95,16471.0,193.0,64.917776
2025-03-24 11:39:00+00:00,TQQQ,64.96,64.98,64.96,64.98,12599.0,151.0,64.970781
2025-03-24 11:40:00+00:00,TQQQ,64.98,65.0,64.98,64.99,22450.0,192.0,64.994364
2025-03-24 11:41:00+00:00,TQQQ,64.981,64.99,64.96,64.96,2948.0,59.0,64.974129
2025-03-24 11:42:00+00:00,TQQQ,64.95,64.98,64.94,64.98,5361.0,75.0,64.96648
2025-03-24 11:43:00+00:00,TQQQ,64.981,64.99,64.96,64.96,2648.0,45.0,64.977619
2025-03-24 11:44:00+00:00,TQQQ,64.96,64.96,64.91,64.91,2999.0,99.0,64.93206
2025-03-24 11:45:00+00:00,TQQQ,64.93,64.95,64.93,64.941,5974.0,68.0,64.940698
2025-03-24 11:46:00+00:00,TQQQ,64.98,65.03,64.98,65.02,34069.0,180.0,65.002335
2025-03-24 11:47:00+00:00,TQQQ,65.03,65.04,65.021,65.03,3611.0,89.0,65.031137
2025-03-24 11:48:00+00:00,TQQQ,65.05,65.07,65.05,65.05,11217.0,140.0,65.060442
2025-03-24 11:49:00+00:00,TQQQ,65.06,65.06,65.03,65.04,12532.0,83.0,65.041269
2025-03-24 11:50:00+00:00,TQQQ,65.05,65.06,65.02,65.02,6248.0,77.0,65.047211
2025-03-24 11:51:00+00:00,TQQQ,65.02,65.03,65.02,65.03,2971.0,66.0,65.029337
2025-03-24 11:52:00+00:00,TQQQ,65.05,65.05,65.05,65.05,1381.0,45.0,65.05
2025-03-24 11:53:00+00:00,TQQQ,65.02,65.03,65.02,65.03,2943.0,57.0,65.028356
2025-03-24 11:54:00+00:00,TQQQ,65.03,65.03,65.02,65.02,1514.0,49.0,65.028
2025-03-24 11:55:00+00:00,TQQQ,65.02,65.03,65.02,65.02,4697.0,59.0,65.021113
2025-03-24 11:56:00+00:00,TQQQ,65.01,65.01,65.0,65.0,4571.0,99.0,65.000306
2025-03-24 11:57:00+00:00,TQQQ,65.0,65.05,65.0,65.04,4650.0,97.0,65.029
2025-03-24 11:58:00+00:00,TQQQ,65.04,65.08,65.04,65.08,8652.0,129.0,65.061823
2025-03-24 11:59:00+00:00,TQQQ,65.09,65.09,65.03,65.03,5625.0,126.0,65.063108
2025-03-24 12:00:00+00:00,TQQQ,64.65,65.09,63.57,65.05,802781.0,4722.0,64.679559
2025-03-24 12:01:00+00:00,TQQQ,65.06,65.1,65.03,65.04,53211.0,549.0,65.066431
2025-03-24 12:02:00+00:00,TQQQ,65.04,65.04,64.99,65.0202,17501.0,222.0,65.009533
2025-03-24 12:03:00+00:00,TQQQ,65.02,65.08,65.0,65.02,38742.0,252.0,65.029298
2025-03-24 12:04:00+00:00,TQQQ,65.02,65.02,64.99,65.0,40638.0,168.0,65.001334
2025-03-24 12:05:00+00:00,TQQQ,64.9901,65.02,64.9901,65.0,29553.0,138.0,65.0028
2025-03-24 12:06:00+00:00,TQQQ,65.01,65.04,65.01,65.02,34749.0,115.0,65.029772
2025-03-24 12:07:00+00:00,TQQQ,65.0201,65.09,65.02,65.0898,29123.0,175.0,65.073381
2025-03-24 12:08:00+00:00,TQQQ,65.0795,65.0795,65.05,65.0697,31810.0,104.0,65.061549
2025-03-24 12:09:00+00:00,TQQQ,65.07,65.0799,65.06,65.07,17546.0,98.0,65.070203
2025-03-24 12:10:00+00:00,TQQQ,65.08,65.1,65.0688,65.08,34466.0,206.0,65.090125
2025-03-24 12:11:00+00:00,TQQQ,65.07,65.0895,65.0,65.0,5330.0,113.0,65.058486
2025-03-24 12:12:00+00:00,TQQQ,65.0,65.02,64.9698,65.01,23409.0,237.0,64.997288
2025-03-24 12:13:00+00:00,TQQQ,65.0,65.02,64.98,64.99,24684.0,202.0,65.003373
2025-03-24 12:14:00+00:00,TQQQ,64.9999,65.001,64.98,64.98,5279.0,73.0,64.99636
2025-03-24 12:15:00+00:00,TQQQ,64.96,64.98,64.95,64.97,7342.0,99.0,64.965112
2025-03-24 12:16:00+00:00,TQQQ,64.9501,64.98,64.9497,64.96,11654.0,182.0,64.958588
2025-03-24 12:17:00+00:00,TQQQ,64.96,64.97,64.93,64.93,13176.0,155.0,64.952374
2025-03-24 12:18:00+00:00,TQQQ,64.92,64.94,64.92,64.93,49755.0,238.0,64.930237
2025-03-24 12:19:00+00:00,TQQQ,64.92,64.93,64.9,64.91,20446.0,227.0,64.909339
2025-03-24 12:20:00+00:00,TQQQ,64.92,64.95,64.9,64.94,13793.0,154.0,64.911291
2025-03-24 12:21:00+00:00,TQQQ,64.96,64.99,64.96,64.9899,32707.0,246.0,64.986669
2025-03-24 12:22:00+00:00,TQQQ,64.99,65.04,64.98,65.04,17024.0,149.0,65.000407
2025-03-24 12:23:00+00:00,TQQQ,65.04,65.05,65.03,65.03,6410.0,130.0,65.041543
2025-03-24 12:24:00+00:00,TQQQ,65.03,65.06,65.03,65.0503,9976.0,94.0,65.046306
2025-03-24 12:25:00+00:00,TQQQ,65.06,65.0803,65.0599,65.07,11220.0,94.0,65.067736
2025-03-24 12:26:00+00:00,TQQQ,65.07,65.07,65.06,65.0698,15224.0,74.0,65.068523
2025-03-24 12:27:00+00:00,TQQQ,65.0698,65.07,65.05,65.05,7520.0,80.0,65.057832
2025-03-24 12:28:00+00:00,TQQQ,65.0599,65.08,65.0599,65.07,14179.0,107.0,65.073361
2025-03-24 12:29:00+00:00,TQQQ,65.06,65.09,65.06,65.08,9537.0,123.0,65.077451
2025-03-24 12:30:00+00:00,TQQQ,65.08,65.16,65.08,65.1,60371.0,585.0,65.120519
2025-03-24 12:31:00+00:00,TQQQ,65.0933,65.1798,65.0895,65.1798,28834.0,233.0,65.153059
2025-03-24 12:32:00+00:00,TQQQ,65.18,65.18,65.15,65.18,24642.0,254.0,65.163211
2025-03-24 12:33:00+00:00,TQQQ,65.17,65.17,65.13,65.1301,14398.0,158.0,65.160567
2025-03-24 12:34:00+00:00,TQQQ,65.15,65.15,65.13,65.15,23373.0,219.0,65.138119
2025-03-24 12:35:00+00:00,TQQQ,65.14,65.18,65.14,65.17,19547.0,169.0,65.161114
2025-03-24 12:36:00+00:00,TQQQ,65.16,65.16,65.1,65.1098,19605.0,218.0,65.122949
2025-03-24 12:37:00+00:00,TQQQ,65.11,65.1494,65.11,65.1301,31837.0,238.0,65.125593
2025-03-24 12:38:00+00:00,TQQQ,65.15,65.17,65.15,65.16,9720.0,126.0,65.156934
2025-03-24 12:39:00+00:00,TQQQ,65.1597,65.16,65.13,65.16,35118.0,118.0,65.149629
2025-03-24 12:40:00+00:00,TQQQ,65.15,65.17,65.12,65.12,25065.0,162.0,65.153982
2025-03-24 12:41:00+00:00,TQQQ,65.1201,65.14,65.12,65.14,6221.0,81.0,65.129451
2025-03-24 12:42:00+00:00,TQQQ,65.13,65.17,65.12,65.14,18277.0,148.0,65.152194
2025-03-24 12:43:00+00:00,TQQQ,65.15,65.1601,65.14,65.1601,13566.0,97.0,65.151248
2025-03-24 12:44:00+00:00,TQQQ,65.17,65.24,65.17,65.23,42488.0,432.0,65.209904
2025-03-24 12:45:00+00:00,TQQQ,65.221,65.23,65.2,65.2097,10780.0,116.0,65.224861
2025-03-24 12:46:00+00:00,TQQQ,65.2099,65.211,65.1499,65.1603,23972.0,191.0,65.177224
2025-03-24 12:47:00+00:00,TQQQ,65.16,65.17,65.1303,65.15,13636.0,142.0,65.152845
2025-03-24 12:48:00+00:00,TQQQ,65.16,65.18,65.16,65.18,12241.0,103.0,65.163492
2025-03-24 12:49:00+00:00,TQQQ,65.19,65.21,65.18,65.21,9780.0,126.0,65.196536
2025-03-24 12:50:00+00:00,TQQQ,65.21,65.23,65.21,65.21,10526.0,106.0,65.220509
2025-03-24 12:51:00+00:00,TQQQ,65.2198,65.2198,65.17,65.17,14503.0,183.0,65.197809
2025-03-24 12:52:00+00:00,TQQQ,65.1798,65.18,65.1599,65.18,37221.0,158.0,65.169396
2025-03-24 12:53:00+00:00,TQQQ,65.17,65.19,65.16,65.16,8400.0,61.0,65.164763
2025-03-24 12:54:00+00:00,TQQQ,65.16,65.23,65.15,65.21,23957.0,194.0,65.188866
2025-03-24 12:55:00+00:00,TQQQ,65.2,65.2,65.15,65.15,16079.0,174.0,65.162087
2025-03-24 12:56:00+00:00,TQQQ,65.14,65.171,65.1,65.16,23980.0,281.0,65.138238
2025-03-24 12:57:00+00:00,TQQQ,65.14,65.2,65.14,65.2,14226.0,130.0,65.164622
2025-03-24 12:58:00+00:00,TQQQ,65.19,65.2198,65.18,65.18,11697.0,121.0,65.201269
2025-03-24 12:59:00+00:00,TQQQ,65.181,65.21,65.181,65.2,13274.0,114.0,65.194703
2025-03-24 13:00:00+00:00,TQQQ,65.21,65.23,65.16,65.18,22106.0,223.0,65.203236
2025-03-24 13:01:00+00:00,TQQQ,65.2,65.23,65.1806,65.22,17466.0,145.0,65.207771
2025-03-24 13:02:00+00:00,TQQQ,65.22,65.28,65.22,65.28,27078.0,374.0,65.24722
2025-03-24 13:03:00+00:00,TQQQ,65.2798,65.32,65.27,65.31,26434.0,320.0,65.285231
2025-03-24 13:04:00+00:00,TQQQ,65.3,65.3188,65.29,65.3188,35838.0,233.0,65.302856
2025-03-24 13:05:00+00:00,TQQQ,65.32,65.33,65.3,65.32,24315.0,240.0,65.316634
2025-03-24 13:06:00+00:00,TQQQ,65.32,65.32,65.27,65.31,22843.0,198.0,65.29681
2025-03-24 13:07:00+00:00,TQQQ,65.2901,65.31,65.2898,65.29,22755.0,155.0,65.296913
2025-03-24 13:08:00+00:00,TQQQ,65.29,65.3297,65.29,65.32,18771.0,152.0,65.30123
2025-03-24 13:09:00+00:00,TQQQ,65.3199,65.32,65.29,65.29,19595.0,197.0,65.31001
2025-03-24 13:10:00+00:00,TQQQ,65.281,65.33,65.281,65.3202,11655.0,188.0,65.318077
2025-03-24 13:11:00+00:00,TQQQ,65.32,65.3299,65.27,65.2799,16794.0,174.0,65.296593
2025-03-24 13:12:00+00:00,TQQQ,65.27,65.28,65.25,65.25,15415.0,155.0,65.259231
2025-03-24 13:13:00+00:00,TQQQ,65.25,65.27,65.23,65.24,11460.0,173.0,65.245173
2025-03-24 13:14:00+00:00,TQQQ,65.2301,65.25,65.23,65.2302,9187.0,91.0,65.238029
2025-03-24 13:15:00+00:00,TQQQ,65.24,65.24,65.2,65.2,25277.0,196.0,65.213229
2025-03-24 13:16:00+00:00,TQQQ,65.2,65.2398,65.17,65.22,33507.0,235.0,65.20286
2025-03-24 13:17:00+00:00,TQQQ,65.211,65.33,65.211,65.3295,34663.0,303.0,65.260167
2025-03-24 13:18:00+00:00,TQQQ,65.32,65.33,65.25,65.26,77700.0,610.0,65.270545
2025-03-24 13:19:00+00:00,TQQQ,65.28,65.2899,65.23,65.24,19080.0,173.0,65.255785
2025-03-24 13:20:00+00:00,TQQQ,65.24,65.26,65.24,65.26,20786.0,173.0,65.25185
2025-03-24 13:21:00+00:00,TQQQ,65.2498,65.26,65.2,65.2,14533.0,140.0,65.24523
2025-03-24 13:22:00+00:00,TQQQ,65.21,65.25,65.191,65.24,43568.0,350.0,65.211287
2025-03-24 13:23:00+00:00,TQQQ,65.2301,65.2301,65.15,65.18,29334.0,244.0,65.182032
2025-03-24 13:24:00+00:00,TQQQ,65.181,65.2,65.14,65.15,36102.0,223.0,65.15857
2025-03-24 13:25:00+00:00,TQQQ,65.14,65.14,65.07,65.13,53028.0,387.0,65.099673
2025-03-24 13:26:00+00:00,TQQQ,65.11,65.1899,65.11,65.14,22644.0,185.0,65.154447
2025-03-24 13:27:00+00:00,TQQQ,65.1576,65.17,65.12,65.17,28150.0,194.0,65.146269
2025-03-24 13:28:00+00:00,TQQQ,65.17,65.18,65.12,65.12,21159.0,167.0,65.163195
2025-03-24 13:29:00+00:00,TQQQ,65.12,65.12,65.04,65.07,22329.0,285.0,65.077925
2025-03-24 13:30:00+00:00,TQQQ,65.06,65.08,64.925,64.925,963965.0,5188.0,65.035412
2025-03-24 13:31:00+00:00,TQQQ,64.93,65.12,64.88,64.88,526001.0,3408.0,65.005344
2025-03-24 13:32:00+00:00,TQQQ,64.88,65.05,64.87,65.0179,457421.0,2567.0,64.970446
2025-03-24 13:33:00+00:00,TQQQ,65.0187,65.23,65.01,65.0602,438025.0,3017.0,65.147843
2025-03-24 13:34:00+00:00,TQQQ,65.07,65.08,64.815,64.851,605906.0,3755.0,64.932111
2025-03-24 13:35:00+00:00,TQQQ,64.86,65.0,64.82,64.8663,342607.0,2739.0,64.901386
2025-03-24 13:36:00+00:00,TQQQ,64.87,65.02,64.82,65.0099,413337.0,2277.0,64.921387
2025-03-24 13:37:00+00:00,TQQQ,65.02,65.195,65.02,65.1601,433064.0,3004.0,65.096018
2025-03-24 13:38:00+00:00,TQQQ,65.17,65.39,65.16,65.34,619502.0,3829.0,65.297208
2025-03-24 13:39:00+00:00,TQQQ,65.35,65.42,65.27,65.335,409717.0,2681.0,65.338795
2025-03-24 13:40:00+00:00,TQQQ,65.34,65.3954,65.2793,65.3101,386624.0,2346.0,65.334037
2025-03-24 13:41:00+00:00,TQQQ,65.3,65.34,65.19,65.245,437425.0,2578.0,65.253619
2025-03-24 13:42:00+00:00,TQQQ,65.24,65.25,65.035,65.07,381354.0,2200.0,65.148481
2025-03-24 13:43:00+00:00,TQQQ,65.06,65.2,65.04,65.155,273003.0,1676.0,65.137963
2025-03-24 13:44:00+00:00,TQQQ,65.155,65.21,64.98,65.18,562295.0,3212.0,65.135616
2025-03-24 13:45:00+00:00,TQQQ,65.18,65.4254,65.13,65.25,904934.0,5081.0,65.272661
2025-03-24 13:46:00+00:00,TQQQ,65.25,65.45,65.18,65.4425,353427.0,2992.0,65.29769
2025-03-24 13:47:00+00:00,TQQQ,65.4405,65.6,65.425,65.4907,758654.0,5301.0,65.510308
2025-03-24 13:48:00+00:00,TQQQ,65.4807,65.55,65.405,65.48,309885.0,1930.0,65.468064
2025-03-24 13:49:00+00:00,TQQQ,65.48,65.62,65.4,65.615,326378.0,2353.0,65.519621
2025-03-24 13:50:00+00:00,TQQQ,65.62,65.6501,65.5146,65.6193,539335.0,2857.0,65.607421
2025-03-24 13:51:00+00:00,TQQQ,65.62,65.68,65.55,65.64,314016.0,1939.0,65.606254
2025-03-24 13:52:00+00:00,TQQQ,65.6499,65.6967,65.57,65.6499,320721.0,1666.0,65.6465
2025-03-24 13:53:00+00:00,TQQQ,65.65,65.72,65.555,65.7167,267101.0,1850.0,65.645949
2025-03-24 13:54:00+00:00,TQQQ,65.72,65.73,65.63,65.6501,235670.0,1815.0,65.684468
2025-03-24 13:55:00+00:00,TQQQ,65.66,65.74,65.61,65.68,279634.0,2217.0,65.694959
2025-03-24 13:56:00+00:00,TQQQ,65.695,65.77,65.655,65.7584,272090.0,1781.0,65.716899
2025-03-24 13:57:00+00:00,TQQQ,65.755,65.8399,65.74,65.77,294474.0,2100.0,65.788246
2025-03-24 13:58:00+00:00,TQQQ,65.77,65.785,65.63,65.695,260890.0,1611.0,65.714179
2025-03-24 13:59:00+00:00,TQQQ,65.695,65.7399,65.57,65.62,332817.0,1776.0,65.628225
2025-03-24 14:00:00+00:00,TQQQ,65.625,65.7415,65.5809,65.5809,263902.0,1804.0,65.687754
2025-03-24 14:01:00+00:00,TQQQ,65.58,65.72,65.52,65.7099,275726.0,1556.0,65.635488
2025-03-24 14:02:00+00:00,TQQQ,65.7073,65.728,65.655,65.7029,210780.0,1192.0,65.694496
2025-03-24 14:03:00+00:00,TQQQ,65.7001,65.725,65.55,65.6799,205552.0,1377.0,65.64
2025-03-24 14:04:00+00:00,TQQQ,65.66,65.72,65.585,65.615,189570.0,1220.0,65.662567
2025-03-24 14:05:00+00:00,TQQQ,65.63,65.656,65.5729,65.62,136482.0,902.0,65.613796
2025-03-24 14:06:00+00:00,TQQQ,65.62,65.64,65.48,65.4837,298815.0,1677.0,65.546787
2025-03-24 14:07:00+00:00,TQQQ,65.495,65.59,65.46,65.55,297503.0,1456.0,65.52228
2025-03-24 14:08:00+00:00,TQQQ,65.54,65.54,65.355,65.41,363292.0,1965.0,65.409481
2025-03-24 14:09:00+00:00,TQQQ,65.4,65.425,65.225,65.295,344742.0,1808.0,65.328346
2025-03-24 14:10:00+00:00,TQQQ,65.295,65.44,65.28,65.4199,359914.0,1847.0,65.350743
2025-03-24 14:11:00+00:00,TQQQ,65.41,65.48,65.3531,65.42,223492.0,1222.0,65.423459
2025-03-24 14:12:00+00:00,TQQQ,65.419,65.545,65.3207,65.5415,236177.0,1344.0,65.468145
2025-03-24 14:13:00+00:00,TQQQ,65.545,65.635,65.545,65.635,209398.0,1446.0,65.588239
2025-03-24 14:14:00+00:00,TQQQ,65.6307,65.6507,65.585,65.645,156739.0,944.0,65.628507
2025-03-24 14:15:00+00:00,TQQQ,65.645,65.74,65.6,65.62,355889.0,1966.0,65.676004
2025-03-24 14:16:00+00:00,TQQQ,65.63,65.735,65.5634,65.72,295076.0,1284.0,65.670146
2025-03-24 14:17:00+00:00,TQQQ,65.7101,65.745,65.64,65.73,171174.0,1080.0,65.702912
2025-03-24 14:18:00+00:00,TQQQ,65.7399,65.74,65.61,65.72,149861.0,1036.0,65.684798
2025-03-24 14:19:00+00:00,TQQQ,65.72,65.82,65.715,65.7918,201965.0,1360.0,65.775235
2025-03-24 14:20:00+00:00,TQQQ,65.795,65.8,65.7,65.76,183789.0,1054.0,65.753592
2025-03-24 14:21:00+00:00,TQQQ,65.76,65.87,65.7518,65.82,179092.0,1427.0,65.820059
2025-03-24 14:22:00+00:00,TQQQ,65.8199,65.85,65.7727,65.8215,224153.0,981.0,65.810417
2025-03-24 14:23:00+00:00,TQQQ,65.825,65.87,65.8,65.85,146466.0,1746.0,65.837058
2025-03-24 14:24:00+00:00,TQQQ,65.86,65.925,65.8425,65.9,259003.0,1692.0,65.901502
2025-03-24 14:25:00+00:00,TQQQ,65.895,65.895,65.7702,65.865,169103.0,1127.0,65.826678
2025-03-24 14:26:00+00:00,TQQQ,65.87,65.8899,65.7827,65.83,112261.0,810.0,65.834948
2025-03-24 14:27:00+00:00,TQQQ,65.8254,65.8699,65.79,65.82,101836.0,727.0,65.830444
2025-03-24 14:28:00+00:00,TQQQ,65.81,65.8754,65.8,65.87,116060.0,849.0,65.837319
2025-03-24 14:29:00+00:00,TQQQ,65.88,65.9,65.815,65.845,100003.0,762.0,65.858525
2025-03-24 14:30:00+00:00,TQQQ,65.85,65.865,65.74,65.83,179302.0,1053.0,65.80111
2025-03-24 14:31:00+00:00,TQQQ,65.84,65.87,65.755,65.82,133057.0,747.0,65.820569
2025-03-24 14:32:00+00:00,TQQQ,65.82,65.94,65.79,65.83,239998.0,1457.0,65.878539
2025-03-24 14:33:00+00:00,TQQQ,65.83,65.85,65.715,65.72,191861.0,1083.0,65.786495
2025-03-24 14:34:00+00:00,TQQQ,65.7201,65.745,65.65,65.745,383162.0,1716.0,65.678045
2025-03-24 14:35:00+00:00,TQQQ,65.745,65.81,65.655,65.73,189379.0,1197.0,65.730351
2025-03-24 14:36:00+00:00,TQQQ,65.72,65.8499,65.71,65.84,130589.0,764.0,65.790986
2025-03-24 14:37:00+00:00,TQQQ,65.8397,65.86,65.79,65.84,121376.0,787.0,65.82792
2025-03-24 14:38:00+00:00,TQQQ,65.845,65.8499,65.73,65.76,97120.0,657.0,65.771636
2025-03-24 14:39:00+00:00,TQQQ,65.7601,65.7999,65.64,65.67,168105.0,1000.0,65.702502
2025-03-24 14:40:00+00:00,TQQQ,65.67,65.735,65.6301,65.7303,89153.0,637.0,65.692323
2025-03-24 14:41:00+00:00,TQQQ,65.7312,65.8,65.7,65.7724,83768.0,617.0,65.759755
2025-03-24 14:42:00+00:00,TQQQ,65.775,65.83,65.7431,65.78,100841.0,605.0,65.787893
2025-03-24 14:43:00+00:00,TQQQ,65.775,65.8499,65.71,65.84,93423.0,592.0,65.788976
2025-03-24 14:44:00+00:00,TQQQ,65.8454,65.8499,65.705,65.7701,92089.0,706.0,65.762474
2025-03-24 14:45:00+00:00,TQQQ,65.78,65.84,65.75,65.8399,73586.0,522.0,65.79814
2025-03-24 14:46:00+00:00,TQQQ,65.84,65.9099,65.83,65.8935,159668.0,1021.0,65.880141
2025-03-24 14:47:00+00:00,TQQQ,65.89,65.9,65.83,65.8501,121965.0,760.0,65.858833
2025-03-24 14:48:00+00:00,TQQQ,65.86,65.9199,65.86,65.915,98890.0,736.0,65.888288
2025-03-24 14:49:00+00:00,TQQQ,65.92,66.01,65.915,66.0,572403.0,3222.0,65.987099
2025-03-24 14:50:00+00:00,TQQQ,66.0,66.03,65.9837,65.985,364926.0,1643.0,66.005693
2025-03-24 14:51:00+00:00,TQQQ,65.995,66.03,65.9501,65.953,182308.0,1004.0,65.997523
2025-03-24 14:52:00+00:00,TQQQ,65.953,66.005,65.953,66.0,85929.0,663.0,65.985127
2025-03-24 14:53:00+00:00,TQQQ,66.0,66.0207,65.94,65.995,139144.0,845.0,65.986863
2025-03-24 14:54:00+00:00,TQQQ,66.0,66.0,65.955,65.965,55876.0,433.0,65.974865
2025-03-24 14:55:00+00:00,TQQQ,65.965,65.97,65.89,65.96,145694.0,801.0,65.934617
2025-03-24 14:56:00+00:00,TQQQ,65.95,65.975,65.92,65.9399,69082.0,449.0,65.951354
2025-03-24 14:57:00+00:00,TQQQ,65.9311,65.98,65.9,65.978,128568.0,611.0,65.920892
2025-03-24 14:58:00+00:00,TQQQ,65.9799,65.995,65.9,65.9,84181.0,505.0,65.932275
2025-03-24 14:59:00+00:00,TQQQ,65.9027,65.9399,65.87,65.9307,111866.0,573.0,65.901424
2025-03-24 15:00:00+00:00,TQQQ,65.93,65.94,65.87,65.9,88625.0,553.0,65.897585
2025-03-24 15:01:00+00:00,TQQQ,65.8903,65.9399,65.83,65.8946,133687.0,781.0,65.872398
2025-03-24 15:02:00+00:00,TQQQ,65.9,65.96,65.76,65.83,174599.0,1127.0,65.848977
2025-03-24 15:03:00+00:00,TQQQ,65.83,65.96,65.8232,65.9499,98420.0,578.0,65.910705
2025-03-24 15:04:00+00:00,TQQQ,65.955,65.99,65.92,65.975,213920.0,763.0,65.95768
2025-03-24 15:05:00+00:00,TQQQ,65.97,66.01,65.9589,65.9963,121024.0,696.0,65.986607
2025-03-24 15:06:00+00:00,TQQQ,66.0,66.07,66.0,66.0501,224594.0,1069.0,66.039144
2025-03-24 15:07:00+00:00,TQQQ,66.06,66.1399,66.0537,66.13,193973.0,1234.0,66.099421
2025-03-24 15:08:00+00:00,TQQQ,66.12,66.14,66.05,66.07,139623.0,734.0,66.07967
2025-03-24 15:09:00+00:00,TQQQ,66.07,66.1001,66.06,66.0699,92725.0,513.0,66.074955
2025-03-24 15:10:00+00:00,TQQQ,66.065,66.095,66.0407,66.065,80426.0,435.0,66.06259
2025-03-24 15:11:00+00:00,TQQQ,66.075,66.12,66.0131,66.045,135445.0,679.0,66.078114
2025-03-24 15:12:00+00:00,TQQQ,66.05,66.0899,66.0034,66.085,100169.0,539.0,66.046518
2025-03-24 15:13:00+00:00,TQQQ,66.085,66.11,66.08,66.09,71080.0,480.0,66.095763
2025-03-24 15:14:00+00:00,TQQQ,66.09,66.09,65.9807,66.0222,169679.0,679.0,66.02762
2025-03-24 15:15:00+00:00,TQQQ,66.04,66.07,66.0207,66.07,84230.0,478.0,66.045376
2025-03-24 15:16:00+00:00,TQQQ,66.07,66.07,66.0348,66.07,58898.0,395.0,66.051327
2025-03-24 15:17:00+00:00,TQQQ,66.07,66.12,66.07,66.1093,93009.0,460.0,66.10063
2025-03-24 15:18:00+00:00,TQQQ,66.1,66.125,66.09,66.09,65293.0,430.0,66.108054
2025-03-24 15:19:00+00:00,TQQQ,66.0931,66.11,66.0564,66.1,52521.0,358.0,66.089016
2025-03-24 15:20:00+00:00,TQQQ,66.1,66.135,66.08,66.085,87320.0,517.0,66.098702
2025-03-24 15:21:00+00:00,TQQQ,66.095,66.135,66.035,66.04,63591.0,432.0,66.094733
2025-03-24 15:22:00+00:00,TQQQ,66.03,66.065,66.01,66.05,76960.0,525.0,66.031891
2025-03-24 15:23:00+00:00,TQQQ,66.055,66.1,66.03,66.0693,49334.0,325.0,66.063294
2025-03-24 15:24:00+00:00,TQQQ,66.06,66.0807,66.04,66.04,47448.0,355.0,66.058423
2025-03-24 15:25:00+00:00,TQQQ,66.05,66.07,66.01,66.025,86487.0,504.0,66.024101
2025-03-24 15:26:00+00:00,TQQQ,66.03,66.0599,65.97,66.0007,227337.0,767.0,66.004143
2025-03-24 15:27:00+00:00,TQQQ,66.005,66.0065,65.925,65.9501,156674.0,721.0,65.952674
2025-03-24 15:28:00+00:00,TQQQ,65.96,65.9764,65.89,65.9764,132493.0,720.0,65.916675
2025-03-24 15:29:00+00:00,TQQQ,65.9799,66.015,65.97,65.9907,88517.0,466.0,65.991797
2025-03-24 15:30:00+00:00,TQQQ,65.9933,66.0,65.87,65.94,117646.0,566.0,65.916683
2025-03-24 15:31:00+00:00,TQQQ,65.925,65.9372,65.8701,65.89,74178.0,536.0,65.903691
2025-03-24 15:32:00+00:00,TQQQ,65.89,65.94,65.89,65.91,60294.0,447.0,65.920156
2025-03-24 15:33:00+00:00,TQQQ,65.92,65.96,65.9099,65.955,68196.0,429.0,65.939722
2025-03-24 15:34:00+00:00,TQQQ,65.945,65.98,65.9,65.98,50203.0,374.0,65.9308
2025-03-24 15:35:00+00:00,TQQQ,65.985,66.04,65.975,66.01,131355.0,650.0,66.01518
2025-03-24 15:36:00+00:00,TQQQ,66.005,66.005,65.94,65.945,86744.0,451.0,65.975478
2025-03-24 15:37:00+00:00,TQQQ,65.9446,65.95,65.83,65.855,175838.0,764.0,65.878681
2025-03-24 15:38:00+00:00,TQQQ,65.8599,65.865,65.81,65.8384,54958.0,459.0,65.833841
2025-03-24 15:39:00+00:00,TQQQ,65.835,65.845,65.76,65.775,151649.0,792.0,65.78845
2025-03-24 15:40:00+00:00,TQQQ,65.77,65.84,65.75,65.77,153036.0,692.0,65.794971
2025-03-24 15:41:00+00:00,TQQQ,65.775,65.85,65.7693,65.8454,97345.0,433.0,65.816136
2025-03-24 15:42:00+00:00,TQQQ,65.845,65.87,65.7803,65.81,187757.0,564.0,65.8143
2025-03-24 15:43:00+00:00,TQQQ,65.8,65.86,65.755,65.8273,113785.0,541.0,65.805084
2025-03-24 15:44:00+00:00,TQQQ,65.8299,65.8366,65.7601,65.8,95821.0,404.0,65.783777
2025-03-24 15:45:00+00:00,TQQQ,65.795,65.85,65.7734,65.83,42740.0,326.0,65.810752
2025-03-24 15:46:00+00:00,TQQQ,65.8201,65.8793,65.7934,65.8793,66509.0,438.0,65.841199
2025-03-24 15:47:00+00:00,TQQQ,65.8733,65.89,65.845,65.8599,56607.0,327.0,65.86852
2025-03-24 15:48:00+00:00,TQQQ,65.86,65.86,65.8,65.8193,59334.0,325.0,65.817986
2025-03-24 15:49:00+00:00,TQQQ,65.82,65.825,65.755,65.77,83027.0,555.0,65.775717
2025-03-24 15:50:00+00:00,TQQQ,65.765,65.79,65.76,65.77,37193.0,263.0,65.774196
2025-03-24 15:51:00+00:00,TQQQ,65.78,65.87,65.78,65.8599,82830.0,385.0,65.82291
2025-03-24 15:52:00+00:00,TQQQ,65.8599,65.915,65.84,65.9001,106125.0,537.0,65.881692
2025-03-24 15:53:00+00:00,TQQQ,65.9093,65.99,65.89,65.9435,189371.0,809.0,65.945302
2025-03-24 15:54:00+00:00,TQQQ,65.9401,65.98,65.9401,65.97,54491.0,364.0,65.963586
2025-03-24 15:55:00+00:00,TQQQ,65.97,66.01,65.96,66.005,85102.0,476.0,65.989224
2025-03-24 15:56:00+00:00,TQQQ,66.0035,66.0088,65.9601,65.9746,78822.0,364.0,65.983816
2025-03-24 15:57:00+00:00,TQQQ,65.9807,66.0,65.95,65.9932,36640.0,280.0,65.973018
2025-03-24 15:58:00+00:00,TQQQ,65.9937,66.015,65.9601,66.005,64620.0,385.0,65.998372
2025-03-24 15:59:00+00:00,TQQQ,66.0049,66.01,65.975,65.9999,34764.0,273.0,65.990594
2025-03-24 16:00:00+00:00,TQQQ,65.998,66.04,65.9607,66.0246,89325.0,432.0,66.013297
2025-03-24 16:01:00+00:00,TQQQ,66.03,66.0697,65.975,66.015,112347.0,574.0,66.026717
2025-03-24 16:02:00+00:00,TQQQ,66.0,66.0005,65.92,65.985,136948.0,596.0,65.963631
2025-03-24 16:03:00+00:00,TQQQ,65.985,66.05,65.965,66.04,95856.0,349.0,66.029418
2025-03-24 16:04:00+00:00,TQQQ,66.035,66.075,66.0224,66.055,134282.0,538.0,66.04625
2025-03-24 16:05:00+00:00,TQQQ,66.0599,66.12,66.0546,66.11,144958.0,755.0,66.092092
2025-03-24 16:06:00+00:00,TQQQ,66.12,66.22,66.12,66.22,372066.0,1554.0,66.180665
2025-03-24 16:07:00+00:00,TQQQ,66.22,66.23,66.205,66.21,153057.0,611.0,66.218104
2025-03-24 16:08:00+00:00,TQQQ,66.21,66.2299,66.1831,66.1831,80512.0,365.0,66.205058
2025-03-24 16:09:00+00:00,TQQQ,66.18,66.2,66.15,66.18,94001.0,417.0,66.178332
2025-03-24 16:10:00+00:00,TQQQ,66.17,66.18,66.1334,66.135,103983.0,380.0,66.155881
2025-03-24 16:11:00+00:00,TQQQ,66.14,66.145,66.06,66.105,86183.0,518.0,66.096373
2025-03-24 16:12:00+00:00,TQQQ,66.115,66.15,66.09,66.1012,88035.0,362.0,66.12381
2025-03-24 16:13:00+00:00,TQQQ,66.1,66.13,66.08,66.1199,36946.0,308.0,66.107836
2025-03-24 16:14:00+00:00,TQQQ,66.1037,66.145,66.1001,66.13,60660.0,279.0,66.124394
2025-03-24 16:15:00+00:00,TQQQ,66.14,66.155,66.092,66.125,84954.0,390.0,66.125173
2025-03-24 16:16:00+00:00,TQQQ,66.1212,66.1499,66.08,66.11,66092.0,367.0,66.111824
2025-03-24 16:17:00+00:00,TQQQ,66.11,66.1304,66.0407,66.045,152701.0,619.0,66.080584
2025-03-24 16:18:00+00:00,TQQQ,66.0401,66.065,66.01,66.0399,71669.0,423.0,66.03815
2025-03-24 16:19:00+00:00,TQQQ,66.035,66.09,66.0,66.02,123373.0,414.0,66.02594
2025-03-24 16:20:00+00:00,TQQQ,66.025,66.05,66.0,66.045,72356.0,298.0,66.028071
2025-03-24 16:21:00+00:00,TQQQ,66.0255,66.12,66.0255,66.0732,88157.0,358.0,66.097792
2025-03-24 16:22:00+00:00,TQQQ,66.09,66.16,66.09,66.1599,94951.0,392.0,66.131399
2025-03-24 16:23:00+00:00,TQQQ,66.1507,66.16,66.11,66.125,74155.0,343.0,66.13814
2025-03-24 16:24:00+00:00,TQQQ,66.12,66.18,66.09,66.175,98471.0,363.0,66.150126
2025-03-24 16:25:00+00:00,TQQQ,66.165,66.17,65.9301,65.96,262319.0,1197.0,66.033329
2025-03-24 16:26:00+00:00,TQQQ,65.94,66.01,65.8,65.875,705316.0,2891.0,65.895065
2025-03-24 16:27:00+00:00,TQQQ,65.8698,65.97,65.8,65.925,280813.0,1039.0,65.859123
2025-03-24 16:28:00+00:00,TQQQ,65.9296,66.05,65.9,65.915,210387.0,731.0,65.978149
2025-03-24 16:29:00+00:00,TQQQ,65.93,65.9354,65.83,65.835,127357.0,624.0,65.85757
2025-03-24 16:30:00+00:00,TQQQ,65.835,65.855,65.705,65.835,400510.0,1570.0,65.774769
2025-03-24 16:31:00+00:00,TQQQ,65.835,65.91,65.81,65.824,112148.0,581.0,65.862001
2025-03-24 16:32:00+00:00,TQQQ,65.825,65.865,65.76,65.85,74076.0,445.0,65.812894
2025-03-24 16:33:00+00:00,TQQQ,65.845,65.86,65.79,65.835,67716.0,438.0,65.829839
2025-03-24 16:34:00+00:00,TQQQ,65.8283,65.93,65.8,65.885,151637.0,618.0,65.885152
2025-03-24 16:35:00+00:00,TQQQ,65.895,65.96,65.8827,65.955,120832.0,545.0,65.930201
2025-03-24 16:36:00+00:00,TQQQ,65.9464,65.975,65.9001,65.9299,76176.0,389.0,65.940453
2025-03-24 16:37:00+00:00,TQQQ,65.92,65.95,65.83,65.843,145191.0,470.0,65.889597
2025-03-24 16:38:00+00:00,TQQQ,65.85,65.935,65.845,65.92,41620.0,271.0,65.891233
2025-03-24 16:39:00+00:00,TQQQ,65.9101,65.9101,65.84,65.8799,83130.0,517.0,65.874511
2025-03-24 16:40:00+00:00,TQQQ,65.86,65.89,65.805,65.8101,64492.0,317.0,65.838805
2025-03-24 16:41:00+00:00,TQQQ,65.81,65.81,65.7,65.7,170432.0,707.0,65.76078
2025-03-24 16:42:00+00:00,TQQQ,65.7099,65.75,65.66,65.74,159274.0,918.0,65.706302
2025-03-24 16:43:00+00:00,TQQQ,65.739,65.83,65.7001,65.795,69133.0,366.0,65.771648
2025-03-24 16:44:00+00:00,TQQQ,65.8,65.88,65.78,65.85,83773.0,448.0,65.850178
2025-03-24 16:45:00+00:00,TQQQ,65.845,65.9801,65.84,65.965,124552.0,612.0,65.914082
2025-03-24 16:46:00+00:00,TQQQ,65.965,66.0,65.95,65.98,107398.0,448.0,65.981052
2025-03-24 16:47:00+00:00,TQQQ,65.97,66.05,65.9501,65.9807,140686.0,772.0,65.999092
2025-03-24 16:48:00+00:00,TQQQ,65.99,66.02,65.98,66.01,76236.0,363.0,66.002222
2025-03-24 16:49:00+00:00,TQQQ,66.0,66.0035,65.91,65.98,74636.0,402.0,65.954466
2025-03-24 16:50:00+00:00,TQQQ,65.98,66.0299,65.95,65.965,63877.0,413.0,65.98534
2025-03-24 16:51:00+00:00,TQQQ,65.96,65.99,65.9,65.905,44445.0,307.0,65.938984
2025-03-24 16:52:00+00:00,TQQQ,65.9,65.95,65.89,65.93,40751.0,260.0,65.919291
2025-03-24 16:53:00+00:00,TQQQ,65.93,65.97,65.91,65.93,42717.0,246.0,65.942477
2025-03-24 16:54:00+00:00,TQQQ,65.93,65.96,65.9101,65.9402,55300.0,294.0,65.934799
2025-03-24 16:55:00+00:00,TQQQ,65.94,65.9528,65.91,65.92,34653.0,171.0,65.928762
2025-03-24 16:56:00+00:00,TQQQ,65.92,65.92,65.82,65.8412,143835.0,610.0,65.853434
2025-03-24 16:57:00+00:00,TQQQ,65.8473,65.875,65.81,65.8201,43234.0,270.0,65.841313
2025-03-24 16:58:00+00:00,TQQQ,65.825,65.8397,65.8,65.8213,42806.0,224.0,65.821957
2025-03-24 16:59:00+00:00,TQQQ,65.8281,65.9199,65.825,65.87,63341.0,281.0,65.87996
2025-03-24 17:00:00+00:00,TQQQ,65.87,65.9,65.82,65.89,79427.0,337.0,65.874686
2025-03-24 17:01:00+00:00,TQQQ,65.89,65.9099,65.795,65.905,71103.0,370.0,65.83216
2025-03-24 17:02:00+00:00,TQQQ,65.9013,65.905,65.76,65.8,66853.0,435.0,65.827613
2025-03-24 17:03:00+00:00,TQQQ,65.7999,65.87,65.77,65.865,36335.0,243.0,65.831626
2025-03-24 17:04:00+00:00,TQQQ,65.865,65.87,65.78,65.8,26678.0,197.0,65.821633
2025-03-24 17:05:00+00:00,TQQQ,65.8,65.8389,65.765,65.7837,32141.0,219.0,65.806446
2025-03-24 17:06:00+00:00,TQQQ,65.7968,65.87,65.77,65.87,38003.0,240.0,65.809234
2025-03-24 17:07:00+00:00,TQQQ,65.88,65.9199,65.8634,65.8634,103141.0,375.0,65.894744
2025-03-24 17:08:00+00:00,TQQQ,65.875,65.875,65.7737,65.79,47584.0,321.0,65.811908
2025-03-24 17:09:00+00:00,TQQQ,65.7809,65.809,65.76,65.7899,84202.0,288.0,65.780017
2025-03-24 17:10:00+00:00,TQQQ,65.79,65.815,65.7501,65.8101,43890.0,315.0,65.776586
2025-03-24 17:11:00+00:00,TQQQ,65.8001,65.81,65.72,65.725,59812.0,355.0,65.755426
2025-03-24 17:12:00+00:00,TQQQ,65.74,65.76,65.715,65.7293,32535.0,219.0,65.731632
2025-03-24 17:13:00+00:00,TQQQ,65.7299,65.735,65.64,65.67,115362.0,620.0,65.673894
2025-03-24 17:14:00+00:00,TQQQ,65.65,65.7,65.65,65.69,57782.0,301.0,65.67998
2025-03-24 17:15:00+00:00,TQQQ,65.6893,65.6999,65.64,65.655,58925.0,325.0,65.656595
2025-03-24 17:16:00+00:00,TQQQ,65.665,65.75,65.665,65.72,66747.0,364.0,65.715091
2025-03-24 17:17:00+00:00,TQQQ,65.72,65.8,65.7115,65.73,126820.0,422.0,65.765079
2025-03-24 17:18:00+00:00,TQQQ,65.735,65.735,65.67,65.695,59975.0,282.0,65.69567
2025-03-24 17:19:00+00:00,TQQQ,65.71,65.74,65.65,65.655,42749.0,229.0,65.692531
2025-03-24 17:20:00+00:00,TQQQ,65.65,65.66,65.57,65.625,198843.0,1067.0,65.607051
2025-03-24 17:21:00+00:00,TQQQ,65.62,65.6901,65.6001,65.67,73799.0,356.0,65.649629
2025-03-24 17:22:00+00:00,TQQQ,65.67,65.74,65.66,65.7301,60783.0,291.0,65.705301
2025-03-24 17:23:00+00:00,TQQQ,65.715,65.75,65.7,65.7146,105825.0,366.0,65.726991
2025-03-24 17:24:00+00:00,TQQQ,65.72,65.7401,65.6801,65.7012,42320.0,255.0,65.709958
2025-03-24 17:25:00+00:00,TQQQ,65.7034,65.7554,65.7034,65.73,45844.0,325.0,65.73363
2025-03-24 17:26:00+00:00,TQQQ,65.7415,65.79,65.7307,65.75,111944.0,502.0,65.76808
2025-03-24 17:27:00+00:00,TQQQ,65.755,65.7601,65.7,65.7454,63969.0,389.0,65.729447
2025-03-24 17:28:00+00:00,TQQQ,65.745,65.78,65.7335,65.77,32448.0,185.0,65.76105
2025-03-24 17:29:00+00:00,TQQQ,65.78,65.84,65.78,65.8317,94497.0,416.0,65.818197
2025-03-24 17:30:00+00:00,TQQQ,65.84,65.88,65.805,65.88,158910.0,606.0,65.839221
2025-03-24 17:31:00+00:00,TQQQ,65.88,65.9,65.8001,65.845,117451.0,503.0,65.857575
2025-03-24 17:32:00+00:00,TQQQ,65.8401,65.91,65.84,65.889,78422.0,323.0,65.893536
2025-03-24 17:33:00+00:00,TQQQ,65.885,65.9263,65.8603,65.9199,42101.0,311.0,65.891966
2025-03-24 17:34:00+00:00,TQQQ,65.9231,65.95,65.875,65.8846,83971.0,358.0,65.918674
2025-03-24 17:35:00+00:00,TQQQ,65.89,65.89,65.77,65.83,98712.0,476.0,65.812654
2025-03-24 17:36:00+00:00,TQQQ,65.82,65.89,65.79,65.89,50639.0,293.0,65.846539
2025-03-24 17:37:00+00:00,TQQQ,65.88,65.9,65.86,65.8601,52279.0,225.0,65.877917
2025-03-24 17:38:00+00:00,TQQQ,65.87,65.9265,65.8501,65.9263,41315.0,175.0,65.891447
2025-03-24 17:39:00+00:00,TQQQ,65.92,65.94,65.92,65.935,52053.0,267.0,65.930483
2025-03-24 17:40:00+00:00,TQQQ,65.93,65.93,65.88,65.9007,47797.0,220.0,65.907904
2025-03-24 17:41:00+00:00,TQQQ,65.9054,65.91,65.8136,65.8801,28429.0,231.0,65.861004
2025-03-24 17:42:00+00:00,TQQQ,65.89,65.895,65.79,65.7999,36286.0,242.0,65.832159
2025-03-24 17:43:00+00:00,TQQQ,65.8,65.83,65.752,65.77,53892.0,257.0,65.785549
2025-03-24 17:44:00+00:00,TQQQ,65.7681,65.82,65.7681,65.81,52370.0,190.0,65.799498
2025-03-24 17:45:00+00:00,TQQQ,65.83,65.8485,65.7725,65.805,56649.0,226.0,65.808718
2025-03-24 17:46:00+00:00,TQQQ,65.8,65.8699,65.79,65.855,78419.0,230.0,65.855774
2025-03-24 17:47:00+00:00,TQQQ,65.8554,65.8554,65.8009,65.835,24116.0,191.0,65.823511
2025-03-24 17:48:00+00:00,TQQQ,65.835,65.85,65.78,65.802,121353.0,346.0,65.803282
2025-03-24 17:49:00+00:00,TQQQ,65.8,65.855,65.8,65.845,33240.0,168.0,65.833915
2025-03-24 17:50:00+00:00,TQQQ,65.85,65.8799,65.8337,65.85,50141.0,205.0,65.856282
2025-03-24 17:51:00+00:00,TQQQ,65.8325,65.92,65.825,65.92,54766.0,239.0,65.865323
2025-03-24 17:52:00+00:00,TQQQ,65.93,65.94,65.885,65.888,30424.0,187.0,65.908809
2025-03-24 17:53:00+00:00,TQQQ,65.885,65.895,65.8201,65.8201,59120.0,218.0,65.876555
2025-03-24 17:54:00+00:00,TQQQ,65.83,65.832,65.765,65.8102,55930.0,296.0,65.787739
2025-03-24 17:55:00+00:00,TQQQ,65.815,65.8499,65.77,65.78,34489.0,157.0,65.797628
2025-03-24 17:56:00+00:00,TQQQ,65.77,65.7999,65.73,65.7901,41928.0,234.0,65.756638
2025-03-24 17:57:00+00:00,TQQQ,65.7981,65.7981,65.74,65.755,44107.0,140.0,65.763342
2025-03-24 17:58:00+00:00,TQQQ,65.75,65.767,65.725,65.75,34295.0,199.0,65.743867
2025-03-24 17:59:00+00:00,TQQQ,65.745,65.875,65.74,65.87,60409.0,275.0,65.830528
2025-03-24 18:00:00+00:00,TQQQ,65.88,65.9,65.84,65.85,61942.0,328.0,65.870827
2025-03-24 18:01:00+00:00,TQQQ,65.8599,65.8599,65.76,65.7799,43308.0,216.0,65.814827
2025-03-24 18:02:00+00:00,TQQQ,65.7703,65.775,65.7,65.7101,83583.0,411.0,65.719347
2025-03-24 18:03:00+00:00,TQQQ,65.71,65.72,65.61,65.615,138008.0,605.0,65.661043
2025-03-24 18:04:00+00:00,TQQQ,65.615,65.66,65.56,65.6568,247433.0,681.0,65.609787
2025-03-24 18:05:00+00:00,TQQQ,65.655,65.76,65.65,65.7493,104727.0,485.0,65.732195
2025-03-24 18:06:00+00:00,TQQQ,65.75,65.8099,65.745,65.7701,82790.0,321.0,65.779207
2025-03-24 18:07:00+00:00,TQQQ,65.765,65.79,65.69,65.75,231471.0,522.0,65.741244
2025-03-24 18:08:00+00:00,TQQQ,65.7597,65.7899,65.695,65.7,45385.0,269.0,65.739879
2025-03-24 18:09:00+00:00,TQQQ,65.7,65.745,65.66,65.7234,62978.0,299.0,65.698391
2025-03-24 18:10:00+00:00,TQQQ,65.72,65.72,65.67,65.69,34584.0,210.0,65.694182
2025-03-24 18:11:00+00:00,TQQQ,65.67,65.728,65.6503,65.725,43034.0,218.0,65.683314
2025-03-24 18:12:00+00:00,TQQQ,65.72,65.725,65.685,65.705,22651.0,148.0,65.710479
2025-03-24 18:13:00+00:00,TQQQ,65.7101,65.76,65.6801,65.715,61311.0,285.0,65.726623
2025-03-24 18:14:00+00:00,TQQQ,65.725,65.7268,65.6633,65.67,53178.0,224.0,65.698881
2025-03-24 18:15:00+00:00,TQQQ,65.6635,65.7203,65.63,65.705,64031.0,231.0,65.67501
2025-03-24 18:16:00+00:00,TQQQ,65.7063,65.72,65.68,65.72,40958.0,187.0,65.709601
2025-03-24 18:17:00+00:00,TQQQ,65.7168,65.83,65.7163,65.79,101851.0,387.0,65.781282
2025-03-24 18:18:00+00:00,TQQQ,65.78,65.7899,65.75,65.775,71354.0,297.0,65.768109
2025-03-24 18:19:00+00:00,TQQQ,65.775,65.775,65.7301,65.74,31287.0,178.0,65.750663
2025-03-24 18:20:00+00:00,TQQQ,65.74,65.7596,65.7,65.73,20718.0,157.0,65.728627
2025-03-24 18:21:00+00:00,TQQQ,65.7299,65.8,65.7299,65.7937,60594.0,272.0,65.785035
2025-03-24 18:22:00+00:00,TQQQ,65.795,65.81,65.75,65.755,44909.0,247.0,65.791945
2025-03-24 18:23:00+00:00,TQQQ,65.76,65.78,65.7001,65.77,33114.0,180.0,65.745117
2025-03-24 18:24:00+00:00,TQQQ,65.77,65.815,65.7689,65.78,33280.0,179.0,65.793945
2025-03-24 18:25:00+00:00,TQQQ,65.775,65.7799,65.7,65.735,59739.0,295.0,65.740564
2025-03-24 18:26:00+00:00,TQQQ,65.73,65.81,65.7203,65.7968,32480.0,179.0,65.752079
2025-03-24 18:27:00+00:00,TQQQ,65.7969,65.84,65.7969,65.8264,52221.0,310.0,65.817385
2025-03-24 18:28:00+00:00,TQQQ,65.815,65.84,65.8037,65.8301,50263.0,160.0,65.829137
2025-03-24 18:29:00+00:00,TQQQ,65.83,65.84,65.8,65.8134,119060.0,320.0,65.824863
2025-03-24 18:30:00+00:00,TQQQ,65.82,65.83,65.73,65.81,70033.0,426.0,65.781475
2025-03-24 18:31:00+00:00,TQQQ,65.805,65.8099,65.7101,65.73,57823.0,246.0,65.738635
2025-03-24 18:32:00+00:00,TQQQ,65.7039,65.7199,65.65,65.6646,71119.0,314.0,65.681397
2025-03-24 18:33:00+00:00,TQQQ,65.6781,65.73,65.66,65.72,46344.0,231.0,65.693048
2025-03-24 18:34:00+00:00,TQQQ,65.725,65.7388,65.6836,65.705,45597.0,232.0,65.710682
2025-03-24 18:35:00+00:00,TQQQ,65.705,65.7073,65.6337,65.69,47468.0,254.0,65.661591
2025-03-24 18:36:00+00:00,TQQQ,65.7,65.7363,65.69,65.725,60443.0,218.0,65.717122
2025-03-24 18:37:00+00:00,TQQQ,65.73,65.75,65.71,65.75,42208.0,156.0,65.735881
2025-03-24 18:38:00+00:00,TQQQ,65.74,65.77,65.725,65.76,56025.0,236.0,65.752228
2025-03-24 18:39:00+00:00,TQQQ,65.75,66.02,65.73,65.91,784396.0,2982.0,65.894752
2025-03-24 18:40:00+00:00,TQQQ,65.91,66.0,65.832,65.9767,517509.0,2476.0,65.922549
2025-03-24 18:41:00+00:00,TQQQ,65.97,66.0,65.875,65.89,224575.0,959.0,65.939384
2025-03-24 18:42:00+00:00,TQQQ,65.89,65.94,65.86,65.9265,105591.0,412.0,65.900818
2025-03-24 18:43:00+00:00,TQQQ,65.905,66.13,65.88,66.065,267217.0,1299.0,66.037949
2025-03-24 18:44:00+00:00,TQQQ,66.0632,66.09,66.01,66.0346,131878.0,519.0,66.055096
2025-03-24 18:45:00+00:00,TQQQ,66.04,66.07,65.99,66.0346,80971.0,502.0,66.033293
2025-03-24 18:46:00+00:00,TQQQ,66.04,66.05,65.75,65.99,798932.0,3825.0,65.905728
2025-03-24 18:47:00+00:00,TQQQ,65.98,66.03,65.945,66.0,93424.0,530.0,65.986799
2025-03-24 18:48:00+00:00,TQQQ,65.995,66.0485,65.97,66.01,74866.0,490.0,66.004688
2025-03-24 18:49:00+00:00,TQQQ,66.01,66.07,65.9903,66.05,55012.0,373.0,66.030949
2025-03-24 18:50:00+00:00,TQQQ,66.05,66.14,66.0351,66.13,134743.0,812.0,66.092762
2025-03-24 18:51:00+00:00,TQQQ,66.1201,66.125,66.0248,66.06,138304.0,704.0,66.059664
2025-03-24 18:52:00+00:00,TQQQ,66.06,66.13,66.06,66.11,73079.0,468.0,66.09901
2025-03-24 18:53:00+00:00,TQQQ,66.11,66.12,66.0851,66.115,45279.0,379.0,66.104955
2025-03-24 18:54:00+00:00,TQQQ,66.1093,66.12,66.091,66.1085,30959.0,245.0,66.107762
2025-03-24 18:55:00+00:00,TQQQ,66.11,66.11,66.05,66.05,76096.0,407.0,66.078266
2025-03-24 18:56:00+00:00,TQQQ,66.0501,66.0999,66.04,66.08,52971.0,420.0,66.062789
2025-03-24 18:57:00+00:00,TQQQ,66.0876,66.1,66.05,66.1,29260.0,213.0,66.072133
2025-03-24 18:58:00+00:00,TQQQ,66.0938,66.1097,66.07,66.085,58828.0,176.0,66.092038
2025-03-24 18:59:00+00:00,TQQQ,66.085,66.12,66.075,66.09,37393.0,232.0,66.102171
2025-03-24 19:00:00+00:00,TQQQ,66.095,66.1099,66.0307,66.105,62565.0,376.0,66.074338
2025-03-24 19:01:00+00:00,TQQQ,66.0946,66.0963,66.06,66.07,65407.0,276.0,66.081793
2025-03-24 19:02:00+00:00,TQQQ,66.08,66.17,66.08,66.16,154373.0,553.0,66.138679
2025-03-24 19:03:00+00:00,TQQQ,66.165,66.1813,66.145,66.17,91013.0,474.0,66.166276
2025-03-24 19:04:00+00:00,TQQQ,66.1888,66.19,66.16,66.1899,50608.0,272.0,66.176861
2025-03-24 19:05:00+00:00,TQQQ,66.1858,66.305,66.1727,66.3,315417.0,1803.0,66.254126
2025-03-24 19:06:00+00:00,TQQQ,66.295,66.33,66.29,66.32,114228.0,761.0,66.30998
2025-03-24 19:07:00+00:00,TQQQ,66.3193,66.33,66.31,66.31,111233.0,511.0,66.320529
2025-03-24 19:08:00+00:00,TQQQ,66.315,66.3193,66.26,66.26,316254.0,981.0,66.284632
2025-03-24 19:09:00+00:00,TQQQ,66.265,66.2893,66.235,66.27,87821.0,423.0,66.263374
2025-03-24 19:10:00+00:00,TQQQ,66.27,66.27,66.2,66.2201,104089.0,561.0,66.227661
2025-03-24 19:11:00+00:00,TQQQ,66.225,66.27,66.225,66.2599,65758.0,283.0,66.257497
2025-03-24 19:12:00+00:00,TQQQ,66.254,66.275,66.25,66.271,59569.0,241.0,66.262871
2025-03-24 19:13:00+00:00,TQQQ,66.275,66.275,66.19,66.2,95514.0,482.0,66.222406
2025-03-24 19:14:00+00:00,TQQQ,66.205,66.205,66.17,66.1754,76492.0,360.0,66.18316
2025-03-24 19:15:00+00:00,TQQQ,66.18,66.2497,66.1746,66.24,57134.0,366.0,66.216562
2025-03-24 19:16:00+00:00,TQQQ,66.235,66.28,66.2301,66.28,67245.0,356.0,66.261696
2025-03-24 19:17:00+00:00,TQQQ,66.285,66.3,66.255,66.255,55890.0,309.0,66.279551
2025-03-24 19:18:00+00:00,TQQQ,66.255,66.3,66.25,66.28,57337.0,258.0,66.281503
2025-03-24 19:19:00+00:00,TQQQ,66.28,66.29,66.27,66.2788,39280.0,245.0,66.280688
2025-03-24 19:20:00+00:00,TQQQ,66.275,66.275,66.18,66.2099,101289.0,493.0,66.228628
2025-03-24 19:21:00+00:00,TQQQ,66.2,66.225,66.17,66.2099,91862.0,288.0,66.201393
2025-03-24 19:22:00+00:00,TQQQ,66.2099,66.22,66.1837,66.185,56582.0,247.0,66.199008
2025-03-24 19:23:00+00:00,TQQQ,66.1826,66.22,66.1707,66.2,33414.0,221.0,66.196884
2025-03-24 19:24:00+00:00,TQQQ,66.195,66.245,66.195,66.235,27267.0,260.0,66.225146
2025-03-24 19:25:00+00:00,TQQQ,66.25,66.26,66.2154,66.2154,160795.0,341.0,66.244245
2025-03-24 19:26:00+00:00,TQQQ,66.21,66.21,66.135,66.14,112962.0,506.0,66.176545
2025-03-24 19:27:00+00:00,TQQQ,66.145,66.19,66.1234,66.1899,67059.0,331.0,66.14563
2025-03-24 19:28:00+00:00,TQQQ,66.185,66.2199,66.18,66.2,44971.0,257.0,66.20538
2025-03-24 19:29:00+00:00,TQQQ,66.21,66.215,66.11,66.14,99789.0,428.0,66.143748
2025-03-24 19:30:00+00:00,TQQQ,66.14,66.1601,66.11,66.115,50487.0,445.0,66.134553
2025-03-24 19:31:00+00:00,TQQQ,66.115,66.1984,66.105,66.185,83623.0,456.0,66.167972
2025-03-24 19:32:00+00:00,TQQQ,66.1807,66.2,66.18,66.2,51744.0,268.0,66.190281
2025-03-24 19:33:00+00:00,TQQQ,66.19,66.1908,66.145,66.155,32523.0,249.0,66.166073
2025-03-24 19:34:00+00:00,TQQQ,66.15,66.15,66.1201,66.1449,74406.0,389.0,66.136247
2025-03-24 19:35:00+00:00,TQQQ,66.13,66.14,66.06,66.105,146764.0,607.0,66.099943
2025-03-24 19:36:00+00:00,TQQQ,66.105,66.155,66.0501,66.135,64994.0,478.0,66.08849
2025-03-24 19:37:00+00:00,TQQQ,66.12,66.1573,66.1,66.105,42909.0,312.0,66.129854
2025-03-24 19:38:00+00:00,TQQQ,66.105,66.15,66.105,66.1193,58005.0,320.0,66.126934
2025-03-24 19:39:00+00:00,TQQQ,66.1101,66.1113,66.07,66.0999,104880.0,376.0,66.094003
2025-03-24 19:40:00+00:00,TQQQ,66.1,66.14,66.095,66.1076,58201.0,405.0,66.112694
2025-03-24 19:41:00+00:00,TQQQ,66.115,66.1176,66.07,66.1,92732.0,406.0,66.0982
2025-03-24 19:42:00+00:00,TQQQ,66.0847,66.1493,66.0847,66.1493,87351.0,343.0,66.116979
2025-03-24 19:43:00+00:00,TQQQ,66.1433,66.25,66.14,66.2299,234896.0,922.0,66.206229
2025-03-24 19:44:00+00:00,TQQQ,66.215,66.23,66.1501,66.1637,94074.0,546.0,66.187825
2025-03-24 19:45:00+00:00,TQQQ,66.17,66.2001,66.1535,66.1654,180633.0,454.0,66.189997
2025-03-24 19:46:00+00:00,TQQQ,66.1601,66.1963,66.14,66.1963,110432.0,480.0,66.153473
2025-03-24 19:47:00+00:00,TQQQ,66.19,66.32,66.1869,66.3199,161707.0,1061.0,66.259057
2025-03-24 19:48:00+00:00,TQQQ,66.3156,66.34,66.24,66.24,170681.0,967.0,66.300962
2025-03-24 19:49:00+00:00,TQQQ,66.2454,66.285,66.23,66.27,105433.0,681.0,66.264615
2025-03-24 19:50:00+00:00,TQQQ,66.26,66.29,66.18,66.29,313645.0,2408.0,66.233531
2025-03-24 19:51:00+00:00,TQQQ,66.29,66.3,66.23,66.2401,130518.0,1287.0,66.265278
2025-03-24 19:52:00+00:00,TQQQ,66.255,66.2764,66.135,66.15,320163.0,2620.0,66.213209
2025-03-24 19:53:00+00:00,TQQQ,66.15,66.22,66.14,66.1831,320906.0,2684.0,66.184352
2025-03-24 19:54:00+00:00,TQQQ,66.19,66.5,66.14,66.43,850518.0,4879.0,66.389367
2025-03-24 19:55:00+00:00,TQQQ,66.43,66.53,66.31,66.32,540178.0,2482.0,66.407507
2025-03-24 19:56:00+00:00,TQQQ,66.33,66.3487,66.255,66.3487,136776.0,943.0,66.304083
2025-03-24 19:57:00+00:00,TQQQ,66.35,66.3873,66.325,66.3348,176871.0,1079.0,66.364331
2025-03-24 19:58:00+00:00,TQQQ,66.335,66.36,66.305,66.31,204165.0,1058.0,66.332416
2025-03-24 19:59:00+00:00,TQQQ,66.32,66.36,66.13,66.13,710520.0,2847.0,66.234589
2025-03-24 20:00:00+00:00,TQQQ,66.12,66.21,66.09,66.16,582349.0,284.0,66.137584
2025-03-24 20:01:00+00:00,TQQQ,66.18,66.2,66.15,66.15,42246.0,192.0,66.175212
2025-03-24 20:02:00+00:00,TQQQ,66.13,66.15,66.1,66.101,28560.0,137.0,66.125906
2025-03-24 20:03:00+00:00,TQQQ,66.1,66.14,66.1,66.11,29125.0,135.0,66.11199
2025-03-24 20:04:00+00:00,TQQQ,66.11,66.12,66.08,66.08,51929.0,149.0,66.103343
2025-03-24 20:05:00+00:00,TQQQ,66.0798,66.08,66.04,66.05,24132.0,186.0,66.067527
2025-03-24 20:06:00+00:00,TQQQ,66.05,66.08,66.04,66.07,16012.0,119.0,66.059529
2025-03-24 20:07:00+00:00,TQQQ,66.07,66.14,66.07,66.1302,24183.0,114.0,66.086721
2025-03-24 20:08:00+00:00,TQQQ,66.1398,66.16,66.12,66.16,22395.0,108.0,66.149273
2025-03-24 20:09:00+00:00,TQQQ,66.16,66.16,66.14,66.15,13925.0,85.0,66.151564
2025-03-24 20:10:00+00:00,TQQQ,66.15,66.15,66.12,66.13,10540.0,65.0,66.136882
2025-03-24 20:11:00+00:00,TQQQ,66.13,66.14,66.11,66.11,15115.0,68.0,66.117322
2025-03-24 20:12:00+00:00,TQQQ,66.12,66.1203,66.09,66.12,62654.0,152.0,66.101217
2025-03-24 20:13:00+00:00,TQQQ,66.13,66.18,66.13,66.1799,24894.0,118.0,66.162283
2025-03-24 20:14:00+00:00,TQQQ,66.17,66.19,66.16,66.1795,22453.0,95.0,66.174179
2025-03-24 20:15:00+00:00,TQQQ,66.17,66.19,66.16,66.18,17024.0,71.0,66.171313
2025-03-24 20:16:00+00:00,TQQQ,66.19,66.23,66.19,66.23,20714.0,105.0,66.211989
2025-03-24 20:17:00+00:00,TQQQ,66.24,66.25,66.21,66.21,21746.0,82.0,66.229511
2025-03-24 20:18:00+00:00,TQQQ,66.2101,66.2101,66.19,66.2,4987.0,53.0,66.202426
2025-03-24 20:19:00+00:00,TQQQ,66.19,66.2,66.19,66.1901,10443.0,75.0,66.190113
2025-03-24 20:20:00+00:00,TQQQ,66.1901,66.2,66.19,66.19,25758.0,57.0,66.199334
2025-03-24 20:21:00+00:00,TQQQ,66.2,66.2,66.1901,66.195,9396.0,46.0,66.1991
2025-03-24 20:22:00+00:00,TQQQ,66.19,66.2,66.1898,66.1898,18504.0,72.0,66.196784
2025-03-24 20:23:00+00:00,TQQQ,66.19,66.2,66.18,66.19,37246.0,97.0,66.190048
2025-03-24 20:24:00+00:00,TQQQ,66.19,66.21,66.18,66.21,4780.0,41.0,66.199018
2025-03-24 20:25:00+00:00,TQQQ,66.2,66.2,66.18,66.2,2934.0,49.0,66.196422
2025-03-24 20:26:00+00:00,TQQQ,66.19,66.19,66.15,66.15,5339.0,69.0,66.17119
2025-03-24 20:27:00+00:00,TQQQ,66.1503,66.16,66.14,66.14,6819.0,52.0,66.148722
2025-03-24 20:28:00+00:00,TQQQ,66.14,66.1402,66.12,66.12,7837.0,71.0,66.132047
2025-03-24 20:29:00+00:00,TQQQ,66.12,66.14,66.12,66.14,21951.0,58.0,66.136942
2025-03-24 20:30:00+00:00,TQQQ,66.14,66.1401,66.13,66.1398,6284.0,41.0,66.138695
2025-03-24 20:31:00+00:00,TQQQ,66.1403,66.17,66.14,66.17,1406.0,27.0,66.143742
2025-03-24 20:32:00+00:00,TQQQ,66.16,66.1799,66.16,66.1799,2709.0,24.0,66.161849
2025-03-24 20:33:00+00:00,TQQQ,66.16,66.16,66.15,66.16,1858.0,30.0,66.157442
2025-03-24 20:34:00+00:00,TQQQ,66.16,66.16,66.1,66.11,11010.0,140.0,66.124461
2025-03-24 20:35:00+00:00,TQQQ,66.11,66.11,66.1,66.1,3001.0,33.0,66.102167
2025-03-24 20:36:00+00:00,TQQQ,66.1001,66.12,66.1001,66.12,11413.0,42.0,66.110094
2025-03-24 20:37:00+00:00,TQQQ,66.11,66.1198,66.1,66.1,3702.0,49.0,66.108379
2025-03-24 20:38:00+00:00,TQQQ,66.1097,66.12,66.109,66.11,7248.0,42.0,66.114229
2025-03-24 20:39:00+00:00,TQQQ,66.11,66.13,66.11,66.13,3339.0,46.0,66.116461
2025-03-24 20:41:00+00:00,TQQQ,66.1301,66.1399,66.1201,66.13,2315.0,29.0,66.130049
2025-03-24 20:42:00+00:00,TQQQ,66.13,66.13,66.12,66.12,13045.0,67.0,66.12388
2025-03-24 20:43:00+00:00,TQQQ,66.1202,66.13,66.12,66.12,3178.0,31.0,66.122858
2025-03-24 20:44:00+00:00,TQQQ,66.13,66.13,66.12,66.13,8042.0,50.0,66.12922
2025-03-24 20:45:00+00:00,TQQQ,66.12,66.12,66.11,66.11,6879.0,66.0,66.116072
2025-03-24 20:46:00+00:00,TQQQ,66.1198,66.12,66.11,66.11,2515.0,33.0,66.118728
2025-03-24 20:47:00+00:00,TQQQ,66.12,66.14,66.12,66.14,9175.0,72.0,66.130037
2025-03-24 20:48:00+00:00,TQQQ,66.13,66.15,66.13,66.1401,24391.0,92.0,66.147677
2025-03-24 20:49:00+00:00,TQQQ,66.15,66.16,66.1301,66.15,6645.0,54.0,66.145514
2025-03-24 20:50:00+00:00,TQQQ,66.15,66.15,66.1206,66.1206,4314.0,33.0,66.13444
2025-03-24 20:51:00+00:00,TQQQ,66.13,66.13,66.12,66.12,1038.0,26.0,66.122745
2025-03-24 20:52:00+00:00,TQQQ,66.11,66.12,66.11,66.12,2483.0,29.0,66.111018
2025-03-24 20:53:00+00:00,TQQQ,66.1293,66.1293,66.12,66.12,3834.0,27.0,66.121209
2025-03-24 20:54:00+00:00,TQQQ,66.12,66.12,66.061,66.07,19831.0,161.0,66.073023
2025-03-24 20:55:00+00:00,TQQQ,66.07,66.07,66.06,66.07,6302.0,53.0,66.061467
2025-03-24 20:56:00+00:00,TQQQ,66.07,66.07,66.05,66.06,8803.0,66.0,66.064186
2025-03-24 20:57:00+00:00,TQQQ,66.0599,66.06,66.05,66.06,1281.0,31.0,66.058557
2025-03-24 20:58:00+00:00,TQQQ,66.05,66.06,66.041,66.05,4841.0,88.0,66.050026
2025-03-24 20:59:00+00:00,TQQQ,66.05,66.05,66.04,66.05,1897.0,21.0,66.04695
2025-03-24 21:00:00+00:00,TQQQ,66.05,66.07,66.0401,66.07,6146.0,73.0,66.062624
2025-03-24 21:01:00+00:00,TQQQ,66.06,66.07,66.06,66.0698,6314.0,39.0,66.069106
2025-03-24 21:02:00+00:00,TQQQ,66.06,66.07,66.06,66.06,2792.0,37.0,66.062524
2025-03-24 21:03:00+00:00,TQQQ,66.06,66.06,66.06,66.06,2140.0,49.0,66.06
2025-03-24 21:04:00+00:00,TQQQ,66.05,66.0694,66.05,66.0694,2699.0,41.0,66.064565
2025-03-24 21:05:00+00:00,TQQQ,66.05,66.0553,66.05,66.0553,956.0,39.0,66.053137
2025-03-24 21:06:00+00:00,TQQQ,66.0405,66.05,66.04,66.05,1644.0,16.0,66.041172
2025-03-24 21:07:00+00:00,TQQQ,66.0499,66.06,66.0405,66.06,2376.0,26.0,66.049615
2025-03-24 21:08:00+00:00,TQQQ,66.0405,66.06,66.04,66.04,7458.0,42.0,66.044797
2025-03-24 21:09:00+00:00,TQQQ,66.06,66.069,66.0403,66.069,2567.0,37.0,66.054119
2025-03-24 21:11:00+00:00,TQQQ,66.0501,66.07,66.05,66.06,1725.0,26.0,66.057007
2025-03-24 21:13:00+00:00,TQQQ,66.06,66.06,66.05,66.06,1640.0,17.0,66.051673
2025-03-24 21:14:00+00:00,TQQQ,66.06,66.07,66.06,66.07,7439.0,25.0,66.068587
2025-03-24 21:15:00+00:00,TQQQ,66.069,66.0698,66.0601,66.0601,3354.0,13.0,66.066805
2025-03-24 21:16:00+00:00,TQQQ,66.06,66.0699,66.06,66.0699,1554.0,18.0,66.067582
2025-03-24 21:17:00+00:00,TQQQ,66.07,66.07,66.0601,66.0601,1561.0,18.0,66.069247
2025-03-24 21:18:00+00:00,TQQQ,66.06,66.06,66.06,66.06,574.0,23.0,66.06
2025-03-24 21:19:00+00:00,TQQQ,66.07,66.0799,66.069,66.07,6542.0,46.0,66.070589
2025-03-24 21:20:00+00:00,TQQQ,66.0899,66.09,66.07,66.07,3363.0,32.0,66.078694
2025-03-24 21:21:00+00:00,TQQQ,66.1,66.11,66.1,66.11,2479.0,29.0,66.10353
2025-03-24 21:22:00+00:00,TQQQ,66.11,66.11,66.0905,66.0923,1331.0,11.0,66.100936
2025-03-24 21:23:00+00:00,TQQQ,66.11,66.11,66.1091,66.1091,633.0,19.0,66.109648
2025-03-24 21:25:00+00:00,TQQQ,66.11,66.12,66.1001,66.11,6355.0,33.0,66.114964
2025-03-24 21:26:00+00:00,TQQQ,66.1,66.1001,66.1,66.1001,1024.0,28.0,66.100044
2025-03-24 21:27:00+00:00,TQQQ,66.1003,66.11,66.1003,66.11,926.0,16.0,66.107221
2025-03-24 21:28:00+00:00,TQQQ,66.1097,66.11,66.1,66.11,2704.0,19.0,66.108373
2025-03-24 21:29:00+00:00,TQQQ,66.11,66.11,66.1,66.1,2385.0,19.0,66.108961
2025-03-24 21:30:00+00:00,TQQQ,66.11,66.11,66.0901,66.0901,2995.0,40.0,66.095353
2025-03-24 21:31:00+00:00,TQQQ,66.09,66.09,66.07,66.07,1657.0,55.0,66.079347
2025-03-24 21:32:00+00:00,TQQQ,66.07,66.1095,66.06,66.07,2186.0,16.0,66.09356
2025-03-24 21:33:00+00:00,TQQQ,66.07,66.09,66.07,66.09,1060.0,24.0,66.073263
2025-03-24 21:34:00+00:00,TQQQ,66.09,66.1092,66.09,66.0999,5392.0,32.0,66.093162
2025-03-24 21:35:00+00:00,TQQQ,66.11,66.13,66.11,66.13,1761.0,57.0,66.125254
2025-03-24 21:36:00+00:00,TQQQ,66.13,66.14,66.11,66.11,2304.0,24.0,66.123684
2025-03-24 21:37:00+00:00,TQQQ,66.14,66.15,66.14,66.15,1744.0,53.0,66.147712
2025-03-24 21:38:00+00:00,TQQQ,66.1591,66.1799,66.14,66.16,3449.0,27.0,66.164843
2025-03-24 21:39:00+00:00,TQQQ,66.1602,66.18,66.16,66.17,1966.0,32.0,66.163888
2025-03-24 21:40:00+00:00,TQQQ,66.18,66.19,66.17,66.19,4255.0,45.0,66.184477
2025-03-24 21:41:00+00:00,TQQQ,66.1701,66.1702,66.1701,66.1702,1119.0,15.0,66.170182
2025-03-24 21:42:00+00:00,TQQQ,66.18,66.18,66.1799,66.1799,6553.0,26.0,66.179922
2025-03-24 21:43:00+00:00,TQQQ,66.1898,66.1898,66.18,66.18,1521.0,29.0,66.188774
2025-03-24 21:44:00+00:00,TQQQ,66.19,66.19,66.18,66.18,1898.0,46.0,66.185125
2025-03-24 21:45:00+00:00,TQQQ,66.18,66.18,66.17,66.18,2705.0,30.0,66.174528
2025-03-24 21:46:00+00:00,TQQQ,66.18,66.19,66.17,66.17,4655.0,65.0,66.177638
2025-03-24 21:47:00+00:00,TQQQ,66.1895,66.19,66.17,66.17,2532.0,35.0,66.178733
2025-03-24 21:48:00+00:00,TQQQ,66.1601,66.1601,66.16,66.16,856.0,22.0,66.160017
2025-03-24 21:49:00+00:00,TQQQ,66.1601,66.17,66.1601,66.17,3880.0,20.0,66.160365
2025-03-24 21:50:00+00:00,TQQQ,66.17,66.1795,66.16,66.16,1313.0,42.0,66.163422
2025-03-24 21:51:00+00:00,TQQQ,66.1796,66.18,66.179,66.18,2824.0,26.0,66.179617
2025-03-24 21:52:00+00:00,TQQQ,66.179,66.179,66.17,66.17,314.0,9.0,66.1745
2025-03-24 21:53:00+00:00,TQQQ,66.179,66.179,66.179,66.179,1135.0,14.0,66.179
2025-03-24 21:54:00+00:00,TQQQ,66.17,66.179,66.17,66.17,1772.0,29.0,66.173266
2025-03-24 21:55:00+00:00,TQQQ,66.17,66.17,66.16,66.16,458.0,20.0,66.164
2025-03-24 21:56:00+00:00,TQQQ,66.17,66.17,66.17,66.17,421.0,26.0,66.17
2025-03-24 21:57:00+00:00,TQQQ,66.16,66.16,66.16,66.16,2376.0,20.0,66.16
2025-03-24 21:58:00+00:00,TQQQ,66.17,66.17,66.16,66.16,880.0,35.0,66.167792
2025-03-24 21:59:00+00:00,TQQQ,66.16,66.16,66.13,66.13,2737.0,65.0,66.145314
2025-03-24 22:00:00+00:00,TQQQ,66.12,66.13,66.09,66.12,5766.0,44.0,66.097043
2025-03-24 22:01:00+00:00,TQQQ,66.11,66.11,66.0804,66.1,9842.0,40.0,66.106589
2025-03-24 22:02:00+00:00,TQQQ,66.09,66.09,66.08,66.08,1864.0,21.0,66.086797
2025-03-24 22:03:00+00:00,TQQQ,66.09,66.1,66.09,66.09,2077.0,18.0,66.090551
2025-03-24 22:04:00+00:00,TQQQ,66.11,66.11,66.0999,66.0999,1029.0,23.0,66.104755
2025-03-24 22:05:00+00:00,TQQQ,66.09,66.1,66.07,66.1,3557.0,31.0,66.085783
2025-03-24 22:06:00+00:00,TQQQ,66.09,66.09,66.08,66.0801,4362.0,35.0,66.082793
2025-03-24 22:07:00+00:00,TQQQ,66.099,66.1,66.0801,66.1,8248.0,24.0,66.099145
2025-03-24 22:08:00+00:00,TQQQ,66.0801,66.0801,66.05,66.05,7893.0,91.0,66.064358
2025-03-24 22:09:00+00:00,TQQQ,66.04,66.0499,66.03,66.0399,2915.0,55.0,66.037354
2025-03-24 22:10:00+00:00,TQQQ,66.03,66.03,66.0,66.0,5777.0,63.0,66.007802
2025-03-24 22:11:00+00:00,TQQQ,66.0109,66.03,66.0,66.0,19635.0,175.0,66.002811
2025-03-24 22:12:00+00:00,TQQQ,66.0,66.0,65.9602,65.9602,5324.0,62.0,65.990768
2025-03-24 22:13:00+00:00,TQQQ,65.979,65.98,65.95,65.96,23459.0,93.0,65.978171
2025-03-24 22:14:00+00:00,TQQQ,65.951,65.96,65.95,65.96,11026.0,23.0,65.950399
2025-03-24 22:15:00+00:00,TQQQ,65.98,65.98,65.979,65.979,1830.0,17.0,65.979843
2025-03-24 22:16:00+00:00,TQQQ,65.979,65.979,65.95,65.96,1581.0,31.0,65.96429
2025-03-24 22:17:00+00:00,TQQQ,65.9505,65.97,65.95,65.97,1582.0,24.0,65.962229
2025-03-24 22:18:00+00:00,TQQQ,65.9697,65.9697,65.9603,65.9603,5294.0,11.0,65.960484
2025-03-24 22:19:00+00:00,TQQQ,65.961,65.97,65.96,65.97,3249.0,27.0,65.966821
2025-03-24 22:20:00+00:00,TQQQ,65.96,65.98,65.96,65.98,4278.0,25.0,65.971653
2025-03-24 22:21:00+00:00,TQQQ,65.98,65.98,65.96,65.96,578.0,23.0,65.965435
2025-03-24 22:22:00+00:00,TQQQ,65.98,65.98,65.96,65.96,577.0,16.0,65.965376
2025-03-24 22:23:00+00:00,TQQQ,65.96,65.98,65.96,65.9798,4745.0,19.0,65.965736
2025-03-24 22:24:00+00:00,TQQQ,65.98,65.99,65.9708,65.9708,1439.0,25.0,65.981018
2025-03-24 22:25:00+00:00,TQQQ,65.98,65.99,65.98,65.9898,1545.0,22.0,65.983272
2025-03-24 22:26:00+00:00,TQQQ,65.98,65.98,65.98,65.98,3114.0,13.0,65.98
2025-03-24 22:27:00+00:00,TQQQ,65.98,65.98,65.92,65.92,3109.0,74.0,65.956331
2025-03-24 22:28:00+00:00,TQQQ,65.94,65.941,65.9398,65.94,2268.0,19.0,65.940104
2025-03-24 22:29:00+00:00,TQQQ,65.9572,65.9572,65.94,65.94,923.0,19.0,65.942423
2025-03-24 22:30:00+00:00,TQQQ,65.93,65.96,65.93,65.9404,3409.0,23.0,65.942543
2025-03-24 22:31:00+00:00,TQQQ,65.969,65.97,65.969,65.97,2200.0,17.0,65.969673
2025-03-24 22:32:00+00:00,TQQQ,65.95,65.9599,65.95,65.9502,5159.0,25.0,65.950743
2025-03-24 22:33:00+00:00,TQQQ,65.96,65.96,65.95,65.95,3303.0,21.0,65.950616
2025-03-24 22:34:00+00:00,TQQQ,65.951,66.01,65.95,66.01,10861.0,55.0,65.966473
2025-03-24 22:35:00+00:00,TQQQ,66.0297,66.04,66.0297,66.0297,2210.0,27.0,66.035333
2025-03-24 22:36:00+00:00,TQQQ,66.02,66.03,66.02,66.03,668.0,14.0,66.028267
2025-03-24 22:37:00+00:00,TQQQ,66.03,66.03,66.01,66.01,1586.0,25.0,66.026435
2025-03-24 22:38:00+00:00,TQQQ,66.02,66.02,66.01,66.01,711.0,16.0,66.011667
2025-03-24 22:39:00+00:00,TQQQ,66.0001,66.0001,66.0001,66.0001,450.0,18.0,66.0001
2025-03-24 22:40:00+00:00,TQQQ,65.99,66.03,65.99,66.02,1876.0,25.0,66.007251
2025-03-24 22:41:00+00:00,TQQQ,66.03,66.03,66.0,66.01,4196.0,30.0,66.020013
2025-03-24 22:42:00+00:00,TQQQ,66.01,66.03,66.0001,66.03,5907.0,21.0,66.013271
2025-03-24 22:43:00+00:00,TQQQ,66.0,66.01,66.0,66.01,1898.0,27.0,66.007611
2025-03-24 22:44:00+00:00,TQQQ,66.0,66.03,66.0,66.03,2478.0,14.0,66.017267
2025-03-24 22:45:00+00:00,TQQQ,66.0298,66.03,66.0201,66.0201,1404.0,14.0,66.029184
2025-03-24 22:46:00+00:00,TQQQ,66.02,66.03,66.02,66.0299,928.0,19.0,66.022903
2025-03-24 22:47:00+00:00,TQQQ,66.0198,66.02,65.9843,65.9843,3218.0,26.0,66.007431
2025-03-24 22:48:00+00:00,TQQQ,65.99,66.0,65.98,66.0,2859.0,38.0,65.988621
2025-03-24 22:49:00+00:00,TQQQ,65.96,65.9608,65.96,65.96,1577.0,17.0,65.96009
2025-03-24 22:50:00+00:00,TQQQ,65.95,65.95,65.92,65.92,15288.0,55.0,65.942271
2025-03-24 22:51:00+00:00,TQQQ,65.95,65.95,65.94,65.95,3077.0,16.0,65.944067
2025-03-24 22:52:00+00:00,TQQQ,65.94,65.94,65.9398,65.94,3860.0,26.0,65.939989
2025-03-24 22:53:00+00:00,TQQQ,65.941,65.961,65.941,65.961,1196.0,18.0,65.953269
2025-03-24 22:54:00+00:00,TQQQ,65.97,65.98,65.97,65.98,566.0,15.0,65.973279
2025-03-24 22:55:00+00:00,TQQQ,65.9894,65.9894,65.9798,65.98,11833.0,20.0,65.980241
2025-03-24 22:56:00+00:00,TQQQ,65.98,65.98,65.9601,65.98,4607.0,28.0,65.967045
2025-03-24 22:57:00+00:00,TQQQ,65.96,65.96,65.96,65.96,320.0,18.0,65.96
2025-03-24 22:58:00+00:00,TQQQ,65.97,65.97,65.95,65.95,1358.0,22.0,65.960065
2025-03-24 22:59:00+00:00,TQQQ,65.9598,65.97,65.9598,65.97,1762.0,24.0,65.963016
2025-03-24 23:00:00+00:00,TQQQ,65.97,65.9895,65.95,65.9895,5416.0,25.0,65.967324
2025-03-24 23:01:00+00:00,TQQQ,65.99,66.011,65.99,66.01,3565.0,27.0,65.995231
2025-03-24 23:02:00+00:00,TQQQ,66.0005,66.02,66.0,66.0,8128.0,18.0,66.014786
2025-03-24 23:03:00+00:00,TQQQ,66.03,66.05,66.02,66.02,2830.0,34.0,66.037682
2025-03-24 23:05:00+00:00,TQQQ,66.0204,66.04,66.0204,66.03,2763.0,9.0,66.028561
2025-03-24 23:06:00+00:00,TQQQ,66.01,66.03,65.9501,65.96,3237.0,26.0,66.000595
2025-03-24 23:07:00+00:00,TQQQ,65.95,65.9601,65.95,65.9601,513.0,22.0,65.95404
2025-03-24 23:09:00+00:00,TQQQ,65.98,65.98,65.97,65.98,1886.0,18.0,65.979284
2025-03-24 23:10:00+00:00,TQQQ,65.9797,65.9797,65.96,65.96,4539.0,21.0,65.963869
2025-03-24 23:11:00+00:00,TQQQ,65.94,65.94,65.94,65.94,241.0,13.0,65.94
2025-03-24 23:12:00+00:00,TQQQ,65.9492,65.95,65.9492,65.95,2398.0,10.0,65.949652
2025-03-24 23:13:00+00:00,TQQQ,65.93,65.9503,65.93,65.9503,3279.0,17.0,65.93999
2025-03-24 23:14:00+00:00,TQQQ,65.97,65.97,65.9523,65.9698,2498.0,14.0,65.96826
2025-03-24 23:15:00+00:00,TQQQ,65.97,65.97,65.9603,65.9603,620.0,19.0,65.964781
2025-03-24 23:16:00+00:00,TQQQ,65.97,65.97,65.97,65.97,733.0,15.0,65.97
2025-03-24 23:17:00+00:00,TQQQ,65.9798,65.98,65.97,65.98,2484.0,17.0,65.977419
2025-03-24 23:18:00+00:00,TQQQ,65.98,65.9802,65.9702,65.9801,5093.0,23.0,65.979775
2025-03-24 23:19:00+00:00,TQQQ,65.98,65.98,65.97,65.97,398.0,13.0,65.973333
2025-03-24 23:20:00+00:00,TQQQ,65.98,65.98,65.9699,65.9699,2302.0,12.0,65.976764
2025-03-24 23:21:00+00:00,TQQQ,65.9601,65.9601,65.9601,65.9601,293.0,7.0,65.9601
2025-03-24 23:22:00+00:00,TQQQ,65.9702,65.9702,65.97,65.97,6273.0,22.0,65.970031
2025-03-24 23:23:00+00:00,TQQQ,65.9605,65.9607,65.96,65.9601,1479.0,16.0,65.960293
2025-03-24 23:24:00+00:00,TQQQ,65.98,65.98,65.97,65.97,665.0,12.0,65.978258
2025-03-24 23:25:00+00:00,TQQQ,65.97,65.9797,65.97,65.97,627.0,24.0,65.971996
2025-03-24 23:26:00+00:00,TQQQ,65.95,65.9501,65.95,65.9501,408.0,15.0,65.95005
2025-03-24 23:28:00+00:00,TQQQ,65.96,65.97,65.96,65.97,2009.0,22.0,65.966256
2025-03-24 23:29:00+00:00,TQQQ,65.97,66.0,65.97,66.0,40147.0,50.0,65.986839
2025-03-24 23:30:00+00:00,TQQQ,66.0,66.0499,66.0,66.03,2434.0,30.0,66.02647
2025-03-24 23:31:00+00:00,TQQQ,66.04,66.04,66.0205,66.0379,1169.0,20.0,66.035263
2025-03-24 23:32:00+00:00,TQQQ,66.03,66.03,66.02,66.03,7148.0,23.0,66.025284
2025-03-24 23:33:00+00:00,TQQQ,66.04,66.05,66.04,66.05,1498.0,21.0,66.048929
2025-03-24 23:34:00+00:00,TQQQ,66.07,66.0999,66.07,66.0999,660.0,33.0,66.084094
2025-03-24 23:35:00+00:00,TQQQ,66.0897,66.1,66.0897,66.1,2752.0,26.0,66.098405
2025-03-24 23:36:00+00:00,TQQQ,66.11,66.11,66.1091,66.1091,1645.0,15.0,66.109698
2025-03-24 23:37:00+00:00,TQQQ,66.11,66.12,66.1,66.12,4710.0,25.0,66.114651
2025-03-24 23:38:00+00:00,TQQQ,66.12,66.12,66.11,66.12,3267.0,23.0,66.119014
2025-03-24 23:39:00+00:00,TQQQ,66.11,66.13,66.1,66.12,1176.0,20.0,66.122333
2025-03-24 23:40:00+00:00,TQQQ,66.11,66.11,66.1,66.1,2545.0,24.0,66.105458
2025-03-24 23:41:00+00:00,TQQQ,66.1099,66.1396,66.1005,66.1396,1918.0,21.0,66.115367
2025-03-24 23:42:00+00:00,TQQQ,66.1298,66.1298,66.1198,66.12,5425.0,13.0,66.120925
2025-03-24 23:43:00+00:00,TQQQ,66.1201,66.14,66.1201,66.13,1708.0,22.0,66.131657
2025-03-24 23:44:00+00:00,TQQQ,66.13,66.15,66.13,66.14,4336.0,22.0,66.13727
2025-03-24 23:45:00+00:00,TQQQ,66.1402,66.15,66.14,66.14,2150.0,29.0,66.142761
2025-03-24 23:46:00+00:00,TQQQ,66.13,66.15,66.1262,66.14,3056.0,26.0,66.140652
2025-03-24 23:47:00+00:00,TQQQ,66.15,66.15,66.09,66.09,5955.0,25.0,66.09893
2025-03-24 23:48:00+00:00,TQQQ,66.09,66.09,66.07,66.07,8306.0,32.0,66.077128
2025-03-24 23:49:00+00:00,TQQQ,66.1,66.1,66.08,66.08,1445.0,16.0,66.089337
2025-03-24 23:50:00+00:00,TQQQ,66.09,66.1099,66.0806,66.0806,1496.0,27.0,66.093096
2025-03-24 23:51:00+00:00,TQQQ,66.1,66.1,66.0795,66.0795,952.0,23.0,66.088305
2025-03-24 23:52:00+00:00,TQQQ,66.07,66.07,66.06,66.06,1924.0,16.0,66.062099
2025-03-24 23:53:00+00:00,TQQQ,66.07,66.07,66.0601,66.0601,1704.0,21.0,66.068565
2025-03-24 23:54:00+00:00,TQQQ,66.0894,66.0895,66.0799,66.08,3852.0,17.0,66.085247
2025-03-24 23:55:00+00:00,TQQQ,66.06,66.08,66.06,66.07,5763.0,17.0,66.072832
2025-03-24 23:56:00+00:00,TQQQ,66.06,66.07,66.05,66.07,10211.0,38.0,66.057352
2025-03-24 23:57:00+00:00,TQQQ,66.07,66.09,66.06,66.09,3397.0,22.0,66.072951
2025-03-24 23:58:00+00:00,TQQQ,66.08,66.08,66.06,66.06,7336.0,41.0,66.074082
2025-03-24 23:59:00+00:00,TQQQ,66.05,66.07,66.03,66.04,4274.0,38.0,66.062238
